"month","in_government","Regime","Score","Role"
2010-11-01,"0","Exploratory",0.682039119590695,"Opposition"
2010-11-01,"0","Managerial",0.19297959351067,"Opposition"
2010-11-01,"1","Exploratory",0.50665735150729,"Government"
2010-11-01,"1","Managerial",0.407029681297544,"Government"
2011-06-01,"1","Exploratory",0.283628072108924,"Government"
2011-06-01,"1","Managerial",0.568655149006073,"Government"
2011-07-01,"0","Exploratory",0.789304903773766,"Opposition"
2011-07-01,"0","Managerial",0.0939307929209177,"Opposition"
2011-07-01,"1","Exploratory",0.251195238015381,"Government"
2011-07-01,"1","Managerial",0.601214699631522,"Government"
2011-10-01,"0","Exploratory",0.0957307076284544,"Opposition"
2011-10-01,"0","Managerial",0.887890044032536,"Opposition"
2011-10-01,"1","Exploratory",0.435474462250569,"Government"
2011-10-01,"1","Managerial",0.351811277751815,"Government"
2012-09-01,"0","Exploratory",0.826908910696592,"Opposition"
2012-09-01,"0","Managerial",0.103168055626161,"Opposition"
2013-02-01,"0","Exploratory",0.799353958146993,"Opposition"
2013-02-01,"0","Managerial",0.142052472746635,"Opposition"
2013-02-01,"1","Exploratory",0.764434384691532,"Government"
2013-02-01,"1","Managerial",0.193202744216234,"Government"
2013-05-01,"0","Exploratory",0.237765231839042,"Opposition"
2013-05-01,"0","Managerial",0.0366257396966834,"Opposition"
2013-05-01,"1","Exploratory",0.44433347356078,"Government"
2013-05-01,"1","Managerial",0.230688004177075,"Government"
2013-06-01,"0","Exploratory",0.780577168331679,"Opposition"
2013-06-01,"0","Managerial",0.0836220371728995,"Opposition"
2013-07-01,"0","Exploratory",0.633397268539302,"Opposition"
2013-07-01,"0","Managerial",0.135888539669666,"Opposition"
2013-10-01,"0","Exploratory",0.572967701047944,"Opposition"
2013-10-01,"0","Managerial",0.0850253713393532,"Opposition"
2013-11-01,"0","Exploratory",0.503623663587847,"Opposition"
2013-11-01,"0","Managerial",0.0784290915387859,"Opposition"
2013-11-01,"1","Exploratory",0.133809406159561,"Government"
2013-11-01,"1","Managerial",0.275452496734803,"Government"
2013-12-01,"0","Exploratory",0.832585897778473,"Opposition"
2013-12-01,"0","Managerial",0.0735045196693736,"Opposition"
2013-12-01,"1","Exploratory",0.577498410112309,"Government"
2013-12-01,"1","Managerial",0.153036182386328,"Government"
2014-02-01,"0","Exploratory",0.587736205007416,"Opposition"
2014-02-01,"0","Managerial",0.206036236706847,"Opposition"
2014-02-01,"1","Exploratory",0.0951402508550591,"Government"
2014-02-01,"1","Managerial",0.118589778558297,"Government"
2014-04-01,"0","Exploratory",0.921173288970004,"Opposition"
2014-04-01,"0","Managerial",0.0497969601382779,"Opposition"
2014-05-01,"0","Exploratory",0.520250438799658,"Opposition"
2014-05-01,"0","Managerial",0.227679795260602,"Opposition"
2014-06-01,"0","Exploratory",0.600755020149752,"Opposition"
2014-06-01,"0","Managerial",0.261013904041016,"Opposition"
2014-06-01,"1","Exploratory",0.392129386034917,"Government"
2014-06-01,"1","Managerial",0.501155319477537,"Government"
2014-07-01,"0","Exploratory",0.497215343580768,"Opposition"
2014-07-01,"0","Managerial",0.343243172866004,"Opposition"
2014-07-01,"1","Exploratory",0.247562404984758,"Government"
2014-07-01,"1","Managerial",0.666200835843927,"Government"
2014-09-01,"0","Exploratory",0.353144328831377,"Opposition"
2014-09-01,"0","Managerial",0.381664758309862,"Opposition"
2014-09-01,"1","Exploratory",0.195287962565276,"Government"
2014-09-01,"1","Managerial",0.691801826275395,"Government"
2014-10-01,"0","Exploratory",0.67463557609743,"Opposition"
2014-10-01,"0","Managerial",0.190127608763384,"Opposition"
2014-10-01,"1","Exploratory",0.487961331489323,"Government"
2014-10-01,"1","Managerial",0.414079006704502,"Government"
2014-11-01,"0","Exploratory",0.395379342657136,"Opposition"
2014-11-01,"0","Managerial",0.442905022015681,"Opposition"
2014-11-01,"1","Exploratory",0.269536400627048,"Government"
2014-11-01,"1","Managerial",0.577768321727707,"Government"
2014-12-01,"0","Exploratory",0.375075549821006,"Opposition"
2014-12-01,"0","Managerial",0.398529465851246,"Opposition"
2014-12-01,"1","Exploratory",0.277592596380485,"Government"
2014-12-01,"1","Managerial",0.601617585626923,"Government"
2015-01-01,"0","Exploratory",0.594235730177035,"Opposition"
2015-01-01,"0","Managerial",0.321358222358393,"Opposition"
2015-01-01,"1","Exploratory",0.25368222695399,"Government"
2015-01-01,"1","Managerial",0.666511617281957,"Government"
2015-02-01,"0","Exploratory",0.551516604410838,"Opposition"
2015-02-01,"0","Managerial",0.336233995496247,"Opposition"
2015-02-01,"1","Exploratory",0.419232484228948,"Government"
2015-02-01,"1","Managerial",0.525010014258924,"Government"
2015-03-01,"0","Exploratory",0.822245400688068,"Opposition"
2015-03-01,"0","Managerial",0.0121328876867279,"Opposition"
2015-04-01,"0","Exploratory",0.66679383263325,"Opposition"
2015-04-01,"0","Managerial",0.267704171807066,"Opposition"
2015-04-01,"1","Exploratory",0.288053620775522,"Government"
2015-04-01,"1","Managerial",0.647801284075041,"Government"
2015-05-01,"0","Exploratory",0.6391396476995,"Opposition"
2015-05-01,"0","Managerial",0.134668429484335,"Opposition"
2015-06-01,"0","Exploratory",0.394003806490201,"Opposition"
2015-06-01,"0","Managerial",0.457022556808251,"Opposition"
2015-06-01,"1","Exploratory",0.152787198054646,"Government"
2015-06-01,"1","Managerial",0.803859191111467,"Government"
2015-07-01,"0","Exploratory",0.363990759358623,"Opposition"
2015-07-01,"0","Managerial",0.359260895117999,"Opposition"
2015-09-01,"0","Exploratory",0.543421143869096,"Opposition"
2015-09-01,"0","Managerial",0.0689254475747602,"Opposition"
2015-10-01,"0","Exploratory",0.56987809221873,"Opposition"
2015-10-01,"0","Managerial",0.191019950768177,"Opposition"
2015-11-01,"0","Exploratory",0.511184891900978,"Opposition"
2015-11-01,"0","Managerial",0.132501467353575,"Opposition"
2015-11-01,"1","Exploratory",0.308981435261992,"Government"
2015-11-01,"1","Managerial",0.44638712537677,"Government"
2015-12-01,"0","Exploratory",0.585046713921509,"Opposition"
2015-12-01,"0","Managerial",0.327920008436188,"Opposition"
2016-01-01,"0","Exploratory",0.395925617183859,"Opposition"
2016-01-01,"0","Managerial",0.408949439545908,"Opposition"
2016-02-01,"0","Exploratory",0.85185149087104,"Opposition"
2016-02-01,"0","Managerial",0.122345380231735,"Opposition"
2016-02-01,"1","Exploratory",0.620259555098342,"Government"
2016-02-01,"1","Managerial",0.331026686751289,"Government"
2016-05-01,"0","Exploratory",0.643551222836612,"Opposition"
2016-05-01,"0","Managerial",0.16113188807807,"Opposition"
2016-06-01,"0","Exploratory",0.340250737811027,"Opposition"
2016-06-01,"0","Managerial",0.462045416008174,"Opposition"
2016-06-01,"1","Exploratory",0.125736387736577,"Government"
2016-06-01,"1","Managerial",0.760699761247063,"Government"
2016-07-01,"0","Exploratory",0.806504849214041,"Opposition"
2016-07-01,"0","Managerial",0.0469189676468489,"Opposition"
2016-07-01,"1","Exploratory",0.0627199932596655,"Government"
2016-07-01,"1","Managerial",0.695194060516508,"Government"
2016-10-01,"1","Exploratory",0.435242047578007,"Government"
2016-10-01,"1","Managerial",0.507290929749289,"Government"
2016-11-01,"0","Exploratory",0.785519442016914,"Opposition"
2016-11-01,"0","Managerial",0.0745962163497375,"Opposition"
2016-11-01,"1","Exploratory",0.584795872754194,"Government"
2016-11-01,"1","Managerial",0.347580533918823,"Government"
2016-12-01,"1","Exploratory",0.406133538956786,"Government"
2016-12-01,"1","Managerial",0.393518597992179,"Government"
2017-01-01,"0","Exploratory",0.756623194563535,"Opposition"
2017-01-01,"0","Managerial",0.0749745111690344,"Opposition"
2017-01-01,"1","Exploratory",0.649573587028021,"Government"
2017-01-01,"1","Managerial",0.136974563710392,"Government"
2017-02-01,"0","Exploratory",0.680790937960256,"Opposition"
2017-02-01,"0","Managerial",0.153041349241405,"Opposition"
2017-02-01,"1","Exploratory",0.693445750266672,"Government"
2017-02-01,"1","Managerial",0.109523679426083,"Government"
2017-03-01,"0","Exploratory",0.59241574185626,"Opposition"
2017-03-01,"0","Managerial",0.237973136436909,"Opposition"
2017-03-01,"1","Exploratory",0.485750995938075,"Government"
2017-03-01,"1","Managerial",0.407691870169287,"Government"
2017-04-01,"0","Exploratory",0.484409739372095,"Opposition"
2017-04-01,"0","Managerial",0.304520269488398,"Opposition"
2017-04-01,"1","Exploratory",0.483925172497692,"Government"
2017-04-01,"1","Managerial",0.29010559692104,"Government"
2017-05-01,"0","Exploratory",0.492749154239428,"Opposition"
2017-05-01,"0","Managerial",0.241622694044539,"Opposition"
2017-05-01,"1","Exploratory",0.333610249872332,"Government"
2017-05-01,"1","Managerial",0.466112911945232,"Government"
2017-06-01,"0","Exploratory",0.585148345074614,"Opposition"
2017-06-01,"0","Managerial",0.310490688286728,"Opposition"
2017-06-01,"1","Exploratory",0.422696533972583,"Government"
2017-06-01,"1","Managerial",0.391519588809843,"Government"
2017-07-01,"0","Exploratory",0.455697044840992,"Opposition"
2017-07-01,"0","Managerial",0.510741198834522,"Opposition"
2017-10-01,"0","Exploratory",0.49595407863282,"Opposition"
2017-10-01,"0","Managerial",0.255420940790612,"Opposition"
2017-10-01,"1","Exploratory",0.424668370237833,"Government"
2017-10-01,"1","Managerial",0.37958583900095,"Government"
2017-11-01,"0","Exploratory",0.327067076129058,"Opposition"
2017-11-01,"0","Managerial",0.552190140078131,"Opposition"
2017-11-01,"1","Exploratory",0.413276564932664,"Government"
2017-11-01,"1","Managerial",0.387703407520624,"Government"
2017-12-01,"0","Exploratory",0.237495892459642,"Opposition"
2017-12-01,"0","Managerial",0.61928900351683,"Opposition"
2017-12-01,"1","Exploratory",0.230619018370511,"Government"
2017-12-01,"1","Managerial",0.50717822340416,"Government"
2018-01-01,"0","Exploratory",0.233440693222198,"Opposition"
2018-01-01,"0","Managerial",0.0838680600462713,"Opposition"
2018-01-01,"1","Exploratory",0.374480204324499,"Government"
2018-01-01,"1","Managerial",0.147409312257437,"Government"
2018-02-01,"0","Exploratory",0.502534699550442,"Opposition"
2018-02-01,"0","Managerial",0.261490818663173,"Opposition"
2018-02-01,"1","Exploratory",0.438323771382873,"Government"
2018-02-01,"1","Managerial",0.400289248706277,"Government"
2018-03-01,"0","Exploratory",0.413840559578902,"Opposition"
2018-03-01,"0","Managerial",0.209727267589401,"Opposition"
2018-03-01,"1","Exploratory",0.343999225264706,"Government"
2018-03-01,"1","Managerial",0.297582368603577,"Government"
2018-04-01,"0","Exploratory",0.691810340892786,"Opposition"
2018-04-01,"0","Managerial",0.221685229330301,"Opposition"
2018-04-01,"1","Exploratory",0.137919743809208,"Government"
2018-04-01,"1","Managerial",0.821461174455321,"Government"
2018-05-01,"0","Exploratory",0.524027154418649,"Opposition"
2018-05-01,"0","Managerial",0.159780948119022,"Opposition"
2018-05-01,"1","Exploratory",0.306193051073868,"Government"
2018-05-01,"1","Managerial",0.317304198045797,"Government"
2018-06-01,"0","Exploratory",0.647670692692997,"Opposition"
2018-06-01,"0","Managerial",0.145806028374038,"Opposition"
2018-06-01,"1","Exploratory",0.349032678706913,"Government"
2018-06-01,"1","Managerial",0.220622149034312,"Government"
2018-07-01,"0","Exploratory",0.868040497853581,"Opposition"
2018-07-01,"0","Managerial",0.0996004011616876,"Opposition"
2018-07-01,"1","Exploratory",0.55160643038832,"Government"
2018-07-01,"1","Managerial",0.103263788835333,"Government"
2018-09-01,"0","Exploratory",0.522804122370312,"Opposition"
2018-09-01,"0","Managerial",0.201950029834152,"Opposition"
2018-09-01,"1","Exploratory",0.283419604901142,"Government"
2018-09-01,"1","Managerial",0.40078866080102,"Government"
2018-10-01,"0","Exploratory",0.437077917052073,"Opposition"
2018-10-01,"0","Managerial",0.328828388516897,"Opposition"
2018-10-01,"1","Exploratory",0.354222111246983,"Government"
2018-10-01,"1","Managerial",0.514214518351542,"Government"
2018-11-01,"0","Exploratory",0.132130666478005,"Opposition"
2018-11-01,"0","Managerial",0.609524125898479,"Opposition"
2018-11-01,"1","Exploratory",0.522134231504472,"Government"
2018-11-01,"1","Managerial",0.273248612924391,"Government"
2018-12-01,"1","Exploratory",0.388610478988955,"Government"
2018-12-01,"1","Managerial",0.220177040681469,"Government"
2019-01-01,"0","Exploratory",0.391651310822635,"Opposition"
2019-01-01,"0","Managerial",0.367471807446584,"Opposition"
2019-01-01,"1","Exploratory",0.341158361539517,"Government"
2019-01-01,"1","Managerial",0.344110175456848,"Government"
2019-02-01,"0","Exploratory",0.437286135617319,"Opposition"
2019-02-01,"0","Managerial",0.284213169002335,"Opposition"
2019-02-01,"1","Exploratory",0.272354999687348,"Government"
2019-02-01,"1","Managerial",0.462905841542222,"Government"
2019-03-01,"0","Exploratory",0.451422277454932,"Opposition"
2019-03-01,"0","Managerial",0.355820843447375,"Opposition"
2019-03-01,"1","Exploratory",0.279603392995546,"Government"
2019-03-01,"1","Managerial",0.475910281550224,"Government"
2019-04-01,"0","Exploratory",0.432322706986104,"Opposition"
2019-04-01,"0","Managerial",0.369392723241879,"Opposition"
2019-04-01,"1","Exploratory",0.699731182769874,"Government"
2019-04-01,"1","Managerial",0.135790998251001,"Government"
2019-05-01,"0","Exploratory",0.496625720066182,"Opposition"
2019-05-01,"0","Managerial",0.169039581203713,"Opposition"
2019-05-01,"1","Exploratory",0.244712762128425,"Government"
2019-05-01,"1","Managerial",0.442716228017417,"Government"
2019-06-01,"0","Exploratory",0.303299994736952,"Opposition"
2019-06-01,"0","Managerial",0.483824584761412,"Opposition"
2019-06-01,"1","Exploratory",0.331243373921634,"Government"
2019-06-01,"1","Managerial",0.342756235642899,"Government"
2019-07-01,"0","Exploratory",0.341521368170282,"Opposition"
2019-07-01,"0","Managerial",0.475644430038269,"Opposition"
2019-07-01,"1","Exploratory",0.359799034151471,"Government"
2019-07-01,"1","Managerial",0.377399914874887,"Government"
2019-09-01,"0","Exploratory",0.566038992405286,"Opposition"
2019-09-01,"0","Managerial",0.0700688491194597,"Opposition"
2019-09-01,"1","Exploratory",0.279837107209873,"Government"
2019-09-01,"1","Managerial",0.396408563238294,"Government"
2019-10-01,"0","Exploratory",0.618375205401954,"Opposition"
2019-10-01,"0","Managerial",0.113112585705037,"Opposition"
2019-10-01,"1","Exploratory",0.0795955933533539,"Government"
2019-10-01,"1","Managerial",0.860076701948104,"Government"
2019-11-01,"0","Exploratory",0.583707691341969,"Opposition"
2019-11-01,"0","Managerial",0.135882942227783,"Opposition"
2020-05-01,"1","Exploratory",0.448919047463344,"Government"
2020-05-01,"1","Managerial",0.238990861831811,"Government"
2020-07-01,"0","Exploratory",0.54412675338689,"Opposition"
2020-07-01,"0","Managerial",0.18041627046502,"Opposition"
2020-07-01,"1","Exploratory",0.477864733867284,"Government"
2020-07-01,"1","Managerial",0.2916412547649,"Government"
2020-09-01,"0","Exploratory",0.467551717129865,"Opposition"
2020-09-01,"0","Managerial",0.183192793166429,"Opposition"
2020-09-01,"1","Exploratory",0.117020403465186,"Government"
2020-09-01,"1","Managerial",0.514038559921047,"Government"
2020-10-01,"0","Exploratory",0.459676483589022,"Opposition"
2020-10-01,"0","Managerial",0.218045341563731,"Opposition"
2020-10-01,"1","Exploratory",0.181615243155834,"Government"
2020-10-01,"1","Managerial",0.390647185197117,"Government"
2020-11-01,"0","Exploratory",0.503882166642999,"Opposition"
2020-11-01,"0","Managerial",0.168591459756717,"Opposition"
2020-11-01,"1","Exploratory",0.260544375662817,"Government"
2020-11-01,"1","Managerial",0.320375502146786,"Government"
2020-12-01,"0","Exploratory",0.416101641624233,"Opposition"
2020-12-01,"0","Managerial",0.216712287970487,"Opposition"
2020-12-01,"1","Exploratory",0.17162173758927,"Government"
2020-12-01,"1","Managerial",0.580520498495992,"Government"
2021-01-01,"0","Exploratory",0.672425955096024,"Opposition"
2021-01-01,"0","Managerial",0.184807740517023,"Opposition"
2021-01-01,"1","Exploratory",0.510220976998713,"Government"
2021-01-01,"1","Managerial",0.292832928333733,"Government"
2021-02-01,"0","Exploratory",0.51435028344485,"Opposition"
2021-02-01,"0","Managerial",0.149753719371788,"Opposition"
2021-02-01,"1","Exploratory",0.280914509855188,"Government"
2021-02-01,"1","Managerial",0.437395292562865,"Government"
2021-03-01,"0","Exploratory",0.51330958002228,"Opposition"
2021-03-01,"0","Managerial",0.146636150914862,"Opposition"
2021-03-01,"1","Exploratory",0.293242655347383,"Government"
2021-03-01,"1","Managerial",0.413110408670823,"Government"
2021-04-01,"0","Exploratory",0.522698371234774,"Opposition"
2021-04-01,"0","Managerial",0.321009991568598,"Opposition"
2021-04-01,"1","Exploratory",0.299797895658719,"Government"
2021-04-01,"1","Managerial",0.528686547438252,"Government"
2021-05-01,"0","Exploratory",0.425109727216948,"Opposition"
2021-05-01,"0","Managerial",0.474142978971936,"Opposition"
2021-05-01,"1","Exploratory",0.324903031980634,"Government"
2021-05-01,"1","Managerial",0.517442182892878,"Government"
2021-06-01,"0","Exploratory",0.55685862280825,"Opposition"
2021-06-01,"0","Managerial",0.162841793205572,"Opposition"
2021-06-01,"1","Exploratory",0.284776225741207,"Government"
2021-06-01,"1","Managerial",0.358869962275285,"Government"
2021-07-01,"0","Exploratory",0.61413616424541,"Opposition"
2021-07-01,"0","Managerial",0.163883665365105,"Opposition"
2021-07-01,"1","Exploratory",0.541818808666959,"Government"
2021-07-01,"1","Managerial",0.2556564873242,"Government"
2021-09-01,"0","Exploratory",0.4561180129946,"Opposition"
2021-09-01,"0","Managerial",0.176116605213975,"Opposition"
2021-09-01,"1","Exploratory",0.209047860294534,"Government"
2021-09-01,"1","Managerial",0.364338636102616,"Government"
2021-10-01,"0","Exploratory",0.744227838630102,"Opposition"
2021-10-01,"0","Managerial",0.142988767895057,"Opposition"
2021-10-01,"1","Exploratory",0.17597853249411,"Government"
2021-10-01,"1","Managerial",0.489309650853391,"Government"
2021-11-01,"0","Exploratory",0.710767723274823,"Opposition"
2021-11-01,"0","Managerial",0.17617841139699,"Opposition"
2021-11-01,"1","Exploratory",0.303186258134969,"Government"
2021-11-01,"1","Managerial",0.494528036699229,"Government"
2021-12-01,"0","Exploratory",0.539779857555694,"Opposition"
2021-12-01,"0","Managerial",0.160531247004331,"Opposition"
2021-12-01,"1","Exploratory",0.281514207173225,"Government"
2021-12-01,"1","Managerial",0.588918152583062,"Government"
2022-01-01,"0","Exploratory",0.531879246253506,"Opposition"
2022-01-01,"0","Managerial",0.151693623118087,"Opposition"
2022-01-01,"1","Exploratory",0.337458643119062,"Government"
2022-01-01,"1","Managerial",0.338556301485957,"Government"
2022-02-01,"0","Exploratory",0.403355564977332,"Opposition"
2022-02-01,"0","Managerial",0.299687612035931,"Opposition"
2022-02-01,"1","Exploratory",0.243142630273861,"Government"
2022-02-01,"1","Managerial",0.65928060482657,"Government"
2022-03-01,"0","Exploratory",0.507851166513762,"Opposition"
2022-03-01,"0","Managerial",0.317507334451502,"Opposition"
2022-03-01,"1","Exploratory",0.185248643041569,"Government"
2022-03-01,"1","Managerial",0.60004948949222,"Government"
2022-04-01,"0","Exploratory",0.602747432207375,"Opposition"
2022-04-01,"0","Managerial",0.0983839463183813,"Opposition"
2022-04-01,"1","Exploratory",0.553050345326634,"Government"
2022-04-01,"1","Managerial",0.196115769011949,"Government"
2022-05-01,"0","Exploratory",0.503639608314506,"Opposition"
2022-05-01,"0","Managerial",0.307981310090776,"Opposition"
2022-05-01,"1","Exploratory",0.313460878199762,"Government"
2022-05-01,"1","Managerial",0.407622886380511,"Government"
2022-06-01,"0","Exploratory",0.509599446503154,"Opposition"
2022-06-01,"0","Managerial",0.375940717343398,"Opposition"
2022-06-01,"1","Exploratory",0.236565422767412,"Government"
2022-06-01,"1","Managerial",0.545303909638644,"Government"
2022-07-01,"0","Exploratory",0.517533596797475,"Opposition"
2022-07-01,"0","Managerial",0.272629343194378,"Opposition"
2022-07-01,"1","Exploratory",0.238514616852522,"Government"
2022-07-01,"1","Managerial",0.625983546452154,"Government"
2022-09-01,"0","Exploratory",0.425236705692297,"Opposition"
2022-09-01,"0","Managerial",0.476579952865475,"Opposition"
2022-09-01,"1","Exploratory",0.198893125162186,"Government"
2022-09-01,"1","Managerial",0.758232756841179,"Government"
2022-10-01,"0","Exploratory",0.723256557956947,"Opposition"
2022-10-01,"0","Managerial",0.165748282796627,"Opposition"
2022-10-01,"1","Exploratory",0.301987323564399,"Government"
2022-10-01,"1","Managerial",0.527285875229327,"Government"
2022-11-01,"0","Exploratory",0.682398784847664,"Opposition"
2022-11-01,"0","Managerial",0.250032659249388,"Opposition"
2022-11-01,"1","Exploratory",0.361446093994993,"Government"
2022-11-01,"1","Managerial",0.537707199718896,"Government"
2022-12-01,"0","Exploratory",0.509747665492153,"Opposition"
2022-12-01,"0","Managerial",0.286013753710624,"Opposition"
2022-12-01,"1","Exploratory",0.0464162272168485,"Government"
2022-12-01,"1","Managerial",0.76368060602167,"Government"
2023-01-01,"0","Exploratory",0.897577833408437,"Opposition"
2023-01-01,"0","Managerial",0.0470395708183597,"Opposition"
2023-01-01,"1","Exploratory",0.240469017942032,"Government"
2023-01-01,"1","Managerial",0.740493553678751,"Government"
2023-02-01,"0","Exploratory",0.682490027308818,"Opposition"
2023-02-01,"0","Managerial",0.244610974066063,"Opposition"
2023-02-01,"1","Exploratory",0.449793300799071,"Government"
2023-02-01,"1","Managerial",0.439902177734558,"Government"
2023-03-01,"0","Exploratory",0.582275185772533,"Opposition"
2023-03-01,"0","Managerial",0.193249299358266,"Opposition"
2023-03-01,"1","Exploratory",0.246705833621684,"Government"
2023-03-01,"1","Managerial",0.572727022458576,"Government"
2023-04-01,"0","Exploratory",0.645562509131,"Opposition"
2023-04-01,"0","Managerial",0.29529103417377,"Opposition"
2023-04-01,"1","Exploratory",0.341301090261534,"Government"
2023-04-01,"1","Managerial",0.553742673832162,"Government"
2023-05-01,"0","Exploratory",0.481220481425091,"Opposition"
2023-05-01,"0","Managerial",0.384024351296699,"Opposition"
2023-05-01,"1","Exploratory",0.287989699267677,"Government"
2023-05-01,"1","Managerial",0.587995603576678,"Government"
2023-06-01,"0","Exploratory",0.547422742202824,"Opposition"
2023-06-01,"0","Managerial",0.363114111132875,"Opposition"
2023-06-01,"1","Exploratory",0.265122150438427,"Government"
2023-06-01,"1","Managerial",0.63534006131908,"Government"
2023-07-01,"0","Exploratory",0.679228893642997,"Opposition"
2023-07-01,"0","Managerial",0.146054834748598,"Opposition"
2023-07-01,"1","Exploratory",0.197933415906167,"Government"
2023-07-01,"1","Managerial",0.67654204559869,"Government"
2023-09-01,"0","Exploratory",0.597735011857893,"Opposition"
2023-09-01,"0","Managerial",0.269586881147483,"Opposition"
2023-10-01,"0","Exploratory",0.466534955546913,"Opposition"
2023-10-01,"0","Managerial",0.411820284145168,"Opposition"
2023-10-01,"1","Exploratory",0.356174430068102,"Government"
2023-10-01,"1","Managerial",0.535530483028813,"Government"
2023-11-01,"0","Exploratory",0.600730892000227,"Opposition"
2023-11-01,"0","Managerial",0.25597512843386,"Opposition"
2023-11-01,"1","Exploratory",0.324755850196185,"Government"
2023-11-01,"1","Managerial",0.501123668697532,"Government"
2023-12-01,"0","Exploratory",0.669446914806926,"Opposition"
2023-12-01,"0","Managerial",0.142598274335403,"Opposition"
2023-12-01,"1","Exploratory",0.381872740057347,"Government"
2023-12-01,"1","Managerial",0.497887578028809,"Government"
2024-01-01,"0","Exploratory",0.863441408798833,"Opposition"
2024-01-01,"0","Managerial",0.0969264180603134,"Opposition"
2024-01-01,"1","Exploratory",0.480326874686993,"Government"
2024-01-01,"1","Managerial",0.441448997611383,"Government"
2024-02-01,"0","Exploratory",0.563001969951332,"Opposition"
2024-02-01,"0","Managerial",0.190335026928728,"Opposition"
2024-02-01,"1","Exploratory",0.248338120075847,"Government"
2024-02-01,"1","Managerial",0.524091722503018,"Government"
2024-03-01,"0","Exploratory",0.742935542298827,"Opposition"
2024-03-01,"0","Managerial",0.108853304419877,"Opposition"
2024-03-01,"1","Exploratory",0.355925569423224,"Government"
2024-03-01,"1","Managerial",0.544829141627706,"Government"
2024-04-01,"0","Exploratory",0.747869770827756,"Opposition"
2024-04-01,"0","Managerial",0.164084384645168,"Opposition"
2024-05-01,"0","Exploratory",0.71303845635875,"Opposition"
2024-05-01,"0","Managerial",0.239978534276555,"Opposition"
2024-05-01,"1","Exploratory",0.337457162729997,"Government"
2024-05-01,"1","Managerial",0.586535179694275,"Government"
2024-06-01,"0","Exploratory",0.723713618451439,"Opposition"
2024-06-01,"0","Managerial",0.174805893836386,"Opposition"
2024-06-01,"1","Exploratory",0.25966171173562,"Government"
2024-06-01,"1","Managerial",0.609614675900945,"Government"
2024-07-01,"0","Exploratory",0.74092106080944,"Opposition"
2024-07-01,"0","Managerial",0.101910692233894,"Opposition"
2024-07-01,"1","Exploratory",0.393557811726688,"Government"
2024-07-01,"1","Managerial",0.343738288964519,"Government"
2024-09-01,"0","Exploratory",0.80557111446389,"Opposition"
2024-09-01,"0","Managerial",0.146585160456478,"Opposition"
2024-10-01,"0","Exploratory",0.581508236746552,"Opposition"
2024-10-01,"0","Managerial",0.281458207021806,"Opposition"
2024-10-01,"1","Exploratory",0.101382409674144,"Government"
2024-10-01,"1","Managerial",0.629798076828649,"Government"
2025-03-01,"0","Exploratory",0.711754946358076,"Opposition"
2025-03-01,"0","Managerial",0.230588541116974,"Opposition"
2025-04-01,"0","Exploratory",0.773732649828615,"Opposition"
2025-04-01,"0","Managerial",0.160746394486874,"Opposition"
2025-04-01,"1","Exploratory",0.596896107173312,"Government"
2025-04-01,"1","Managerial",0.202593273855248,"Government"
2025-05-01,"0","Exploratory",0.725181080041828,"Opposition"
2025-05-01,"0","Managerial",0.210826024258242,"Opposition"
2025-05-01,"1","Exploratory",0.469974448725799,"Government"
2025-05-01,"1","Managerial",0.476356909983852,"Government"
2025-06-01,"0","Exploratory",0.630223135021508,"Opposition"
2025-06-01,"0","Managerial",0.252631975849371,"Opposition"
2025-06-01,"1","Exploratory",0.300758717599207,"Government"
2025-06-01,"1","Managerial",0.610820749401912,"Government"
2025-07-01,"0","Exploratory",0.638741088625548,"Opposition"
2025-07-01,"0","Managerial",0.285934918948541,"Opposition"
2025-07-01,"1","Exploratory",0.545710214582491,"Government"
2025-07-01,"1","Managerial",0.348248053331951,"Government"
2025-10-01,"0","Exploratory",0.7786885852908,"Opposition"
2025-10-01,"0","Managerial",0.0153193688677438,"Opposition"
2025-10-01,"1","Exploratory",0.544255765007605,"Government"
2025-10-01,"1","Managerial",0.393467285687338,"Government"
2025-11-01,"0","Exploratory",0.761127080952897,"Opposition"
2025-11-01,"0","Managerial",0.222228931194298,"Opposition"
