date,house,debate_uri,speech_number,speaker,member_name,text
2016-12-14,dail,https://data.oireachtas.ie/akn/ie/debateRecord/dail/2016-12-14/debate/main,287,Deputy Maureen O'Sullivan,Deputy Maureen O'Sullivan,"deputy maureen o'sullivan
            my question relates to a request from a group of survivors from the mother and baby homes because they find it offensive that the word ""home"" is used to describe something that was an institution. they were hoping there might be some move on removing that word ""home"" in whatever way that could happen."
2016-12-14,dail,https://data.oireachtas.ie/akn/ie/debateRecord/dail/2016-12-14/debate/main,288,Deputy Katherine Zappone,Deputy Katherine Zappone,"deputy katherine zappone
            i am aware of the request by the group in question to remove the word ""home"" from the arrangements for the commission of investigation into mother and baby homes and certain related matters and to replace it with the word ""institution"". when the term ""home"" is used to describe institutions such as mother and baby homes, it may not sit easily with some given the general perception and understanding that this word generates in the minds of the majority of people. for this reason, i appreciate the emotional impact of using this word instead of more a generic term such as ""institution"", which i understand the group may consider more acceptable.
             it is important to emphasise the commission is a statutory entity legally established by government order. the language used must be viewed in the context of the requirements of the commissions of investigation act 2004. the act is the backdrop for the commission’s work. its general functions, powers, procedures and protections are laid down in this enabling legislation. if the language used in the order were too vague or did not use the terminology in use at the time these institutions were in being, it could delay or potentially undermine the work of the commission. changing the commission's name would require an amendment to the government order and i have no plans to make such an amendment at this time. making such a change when the commission is more than halfway through its work would risk creating confusion among those who have already contributed to the investigation or who may plan to do so in the future.
             it is my hope that this commission's work will help us all come to a better understanding of how society treated mothers and children in these homes and how attitudes, policy and legislation have changed over the period."
2016-12-14,dail,https://data.oireachtas.ie/akn/ie/debateRecord/dail/2016-12-14/debate/main,291,Deputy Maureen O'Sullivan,Deputy Maureen O'Sullivan,"deputy maureen o'sullivan
            the naming issue might seem like a small matter but it is important to the group that brought it to our attention. coming up to christmas, we are very conscious of home and the various christmas songs such as ""driving home for christmas"". it is important that we make the point today. i will refer to a group which met the minister's predecessor, the former deputy and now senator james reilly. they are the mixed race group, some of whom were in these mother and baby homes. their suffering was even more extreme because they were mixed race. they had additional layers of suffering, abuse, name-calling and undermining when compared to children who were not of mixed race. if there are opportunities when the reports are coming in, we should constantly keep in mind that these were not homes as we understand homes. they were institutions."
2016-11-17,seanad,https://data.oireachtas.ie/akn/ie/debateRecord/seanad/2016-11-17/debate/main,129,Senator Máire Devine,Senator Máire Devine,"senator máire devine
          i echo the points made by my colleagues about the number of patients on hospital trolleys. meetings have been cancelled in the emergency department at st. james's hospital this morning because staff are being pushed to the limit. we are now at breaking point.
           i again refer to the treatment of mothers and their children. one of the scandals that was allowed to occur in mother and baby homes in the 1960s was the carrying out of vaccine trials on women and children. the inquiry of the commission to inquire into child abuse is the second state inquiry to investigate these vaccine trials. it has just been discovered, as reported today, that the files of residents were altered in 2002, just weeks after the commision had sought them. this is in keeping with the behaviour of the responsible authorities throughout various state inquiries. one of the victims, ms mari steed, was born in bessborough in the 1960s and is listed as one of the residents who had her records changed. she has taken legal advice and intends to make a formal complaint to an garda síochána and the data protection commissioner.
          the hse and now tusla are in possession of the document, which outlines the changes made to these records since 2011. it is unacceptable that they have lain there since and that no action has been taken. the minister needs to come before the house to explain the shocking action, which is a further wrong carried out after the terror inflicted on mari steed and many others across ireland."
2016-11-17,dail,https://data.oireachtas.ie/akn/ie/debateRecord/dail/2016-11-17/debate/main,116,Deputy Ruth Coppinger,Deputy Ruth Coppinger,"deputy ruth coppinger
          the programme for government refers to a balanced migration policy and the possible introduction of a residency reform bill. we are taking hardly any refugees as it stands. in the case of those we have taken, the minister's government maintains the scandal of 4,300 people, of whom 1,600 are children, in 34 centres, living in what can only be described as hell. the last government promised reform in this regard. when will we end the horror of direct provision and realise that in future this state will have to answer to people in the same way it has to answer to those who were in mother and baby homes in the past? when will we end the scandal of people living on €19 per week, not being allowed to cook their own food and not being allowed to work or progress to third level education, which is a slap in the face for young people in particular?"
2016-11-16,seanad,https://data.oireachtas.ie/akn/ie/debateRecord/seanad/2016-11-16/debate/main,83,Senator Victor Boyhan,Senator Victor Boyhan,"senator victor boyhan
          however, it is such a good news story that it is worth repeating, but i will not go on at length.
           the minister, deputy shane ross, will be in the house this afternoon for statements on public transport. some very valid points have been made, particularly by senator rose conway-walsh, about rural development and sustaining rural communities. all transport services cannot be dublin or even city-centric; they must be provided countrywide. i hope we will have a full attendance to put all of these questions to the minister when he comes here in a few hours. we will have the opportunity to ask him questions and i look forward with interest to seeing the participation of all parties and senators.
           a story appeared in a number of national newspapers yesterday and has been echoed in the media today. i refer to the scandal of the historical drug trials that took place on children in state care in the 1940s, 1950s, 1960s and 1970s. the former ministers ms mary harney and deputy micheál martin initiated a number of statutory inquiries but they all came to nothing. the newspapers yesterday contained a story about mother and baby vaccine trials, with files in bessborough allegedly being altered in the 1960s. these are very serious allegations. i have been deeply involved in a campaign based on my personal experiences over many years. the laffoy commission investigated elements of three samples of the alleged drug trials and substantial documentation was secured on court proceedings. this is a really important case, not only for the bessborough home in munster, one of the trial areas looked at by the former minister deputy micheál martin. the matter needs to be reopened. i intend to use private members' time to raise a number of issues and share them with the house. i appeal to the leader to ask the minister to investigate them. i have today drafted a letter that i will send to the minister and copy it to the leader. this is an important issue that we need to discuss in the seanad."
2016-11-03,dail,https://data.oireachtas.ie/akn/ie/debateRecord/dail/2016-11-03/debate/main,13,Deputy Thomas Pringle,Deputy Thomas Pringle,"deputy thomas pringle
          this week saw the publication of the report, review of certain matters relating to a disability service in the south east, also referred to as the grace case. the government and the hse's response to the terrible abuse carried out in a foster home reminds me of the tendency of governments to think and give the impression that these are isolated instances confined only to one particular part of the country. allegations of corruption in the garda investigated as part of the morris tribunal were seen as a donegal problem, not a state-wide issue, and we have seen how that has left us. hence, the grace case should not be seen as purely a south-east problem. geography also played a role in previous government responses to controversies surrounding áras attracta, the catholic church and mother and baby homes, while in reality similar abuses were being carried out across the country. in light of the grace case, how can we say that these are isolated instances with any degree of certainty?
           we have to act beyond the drip-feed response. we must look beyond geography and investigate the institutional response to allegations of abuse and ensure that best practice is carried out across the board. so far, we have been made aware that institutional responses have been, to say the least, inadequate and, to say the worst, abusive in nature. some in authority have responded to allegations by denying them outright. others shoot the messenger or even collude against the whistleblower. there have been institutional cover-ups and made-up counter allegations. everything in their power is done to make the allegations go away.
           these responses have been far removed from best practice, which dictates the need for clearly defined procedures which are understood by all staff and which prioritise the safety of children and vulnerable adults. the only way to prevent abuse is to have those responsible acknowledge the wrongdoing in order to facilitate an appropriate and uniform response to allegations, regardless of in which part of the country the abuse occurred. all responses should be identical. will the tánaiste ensure that an audit is carried out in all hse-run facilities to examine whether sufficient safeguarding practices are in place to protect children and vulnerable adults from abuse and to examine how the hse has responded to current and historical allegations of abuse?"
2016-10-26,dail,https://data.oireachtas.ie/akn/ie/debateRecord/dail/2016-10-26/debate/main,12,The Taoiseach,The Taoiseach,"the taoiseach
          i know the deputy has raised this out of a sense of seriousness because it is ultimately the most personally invasive and sensitive issue which could arise. i remember meeting louise o'keeffe with the then minister for education and skills, deputy jan o'sullivan. there was a huge file on the case, leaving aside her courage in pursuing her case in the european court.
           i do not know how many victims of sexual abuse there have been over the years in the primary school system. it is no more than the secondary school system, i assume. we had the redress scheme, the case of all the magdalenes - not that there was sexual abuse in the vast majority of cases - and the mother and baby home report which will come before the minister for children and youth affairs. we will have to see what that means.
           i cannot recall all the details of the file in this case. deputy micheál martin's asked if something can be done about this. i have no idea of the scale of what might be involved. i need to read the detail of the file and the legal outcomes.
           people who were abused have to live with that for all of their lives. it is a horrific issue to have to contend with every waking moment. i do not want to go beyond that. to commit to something that i do not have the full facts or details about would not be appropriate on the floor of the dáil. the sexual abuse of children is a horrific crime. those who perpetrate such crimes, if they are still around, should be brought before justice. to go back the distance involved here would present an enormous scale and challenge. deputy micheál martin has made a point. i will have to look at the scale of what might be involved to answer his question on whether anything might be possible. i do not want to give a commitment without focussing on the potential scale of what is involved."
2016-10-05,dail,https://data.oireachtas.ie/akn/ie/debateRecord/joint_committee_on_children_and_youth_affairs/2016-10-05/debate/main,86,Minister for Children and Youth Affairs (Deputy Katherine Zappone),Minister for Children and Youth Affairs (Deputy Katherine Zappone),"minister for children and youth affairs (deputy katherine zappone)
          i thank the chairman. i am pleased to join the committee this morning to deal with issues relating to the estimates for my department and to discuss my plans for the future in the context of the programme for government. i welcome the opportunity to brief the committee on the key issues from my perspective.
           before i continue, i wish to extend an invitation to the committee to visit oberstown children detention campus. i know members have had the opportunity for an exchange with both the chairperson and the director of oberstown. i hope the committee will agree that, despite recent challenges, we are on the right path. i would be happy to return to this matter later if committee members wish.
           i welcome the views of members on their priorities in terms of spending on children and young people. the discussion should be a two-way process and it would be helpful for me to understand the issues members wish to advance. clearly, with a limited budget, choices must be made.
           i will set out a little about the mid-year expenditure. the 2016 provision for my department's vote totals €1.117 billion. this is made up of €1.088 billion in current funding and €29 million in capital. the composition of the department of children and youth affairs vote largely echoes the priority areas we will be discussing today. the largest portion of the allocation, a sum of €679 million, relates to tusla, the child and family agency. the next largest allocation of €344 million relates to early childhood care and education scheme and the other early years schemes. the vote also contains smaller but no less important allocations that support a variety of programmes and services. these include the youth sector, the irish youth justice service, research, the young person's policy framework, the commission of investigation into mother and baby homes, the office of the ombudsman for children and the adoption authority of ireland.
           the mid-year expenditure position for the vote shows an overall variation of €8.41 million ahead of profile. this over-profile position is largely attributable to timing issues, particularly in respect of tusla. the agency made a significant drawdown of some €24 million in the last days of june, although the transaction was profiled for july expenditure.
           at mid-year, the tusla subhead was showing an expenditure outlay of €4 million below profile. as of the end of september, tusla is showing an underspend of €1 million. the overall tusla spend is currently largely on profile and i would expect that the full resource provision will be expended by the end of the year. any marginal overspend which might occur will be met from within the vote - this a key message.
           the other areas of the vote continue to show expenditure variations to varying degrees, including some under-profile figures on the child care schemes. overall, however, i expect that the year-end position will see capacity within the vote to meet any marginal overspend arising with no requirement for any supplementary estimate in 2016.
           the expenditure details that i have just outlined set the context for my priorities in the future. since this government took office on 6 may, we have been working on a challenging and ambitious agenda of development and reform. i have had the opportunity to visit many services throughout the country, both statutory and non-statutory, and i am struck by the commitment, energy and, indeed, passion of all involved.
           i am proud of the part that i played in negotiating a programme for partnership government because of the nature and extent of its commitments about children, young people and families. in all, there are some 32 specific commitments in the programme relating to my department and i want to make swift progress in as many of them as i possibly can, as early as i can.
           the commitments will also inform my department's statement of strategy for the period 2016-19, which we are working on and hope to finalise by the end of this month. as a framework for the specific commitments, my overall strategic objectives will be about having the right policies, legislation and resources in place to meet the particular needs of children, young people and families; making sure we have the right systems of support for all groups, whether they are vulnerable children in need of intervention by tusla, systems like meitheal, the family early intervention supports, child care supports for families throughout the country, or wider supports for children and families generally; supporting children and young people in active learning and participation in society, and taking a look at the systems, such as home-school liaison, school completion, school attendance; looking at policies across government through the lens of children and young people and working effectively across government to promote their well-being; addressing inequalities robustly; and critically evaluating our performance, and taking decisions informed by the best available evidence and research. i was delighted to hear about the recent outcomes and outputs of the growing up in ireland survey and the better outcomes, brighter future consortium that i chaired last week. these are my overall strategic objectives, which then translate into a number of tangible priority actions that i want to advance.
           one of the biggest contributions we can make as a society to families is to provide high-quality affordable child care. we made some progress recently but i want to do a lot more. i am pleased that the ecce scheme was extended by an average of 23 extra weeks under budget 2016. this improvement came into effect from 1 september, with additional entry points in january and april next.
           in 2017, my major proposal is for a single affordable child care scheme. this will combine a number of existing schemes and, more important, extend the numbers of children and families eligible for subsidised child care over time. my intention is to introduce some form of subsidisation of child care costs for nine to 36-month-old children who are looked after by registered child care providers. this is a key element of the budget negotiations at present.
           of critical concern to me is that we promote and support a constantly developing culture of quality in the sector, to add to what we have achieved in recent times. i recognise the commitment of those working in the sector and want to do all i can to address quality, sustainability and working conditions. of course, we are not the employers in the sector and cannot set pay rates, but i am conscious of the issues that professionals face and i believe that it is possible over time to take positive steps to help address their concerns. unless we do this we will not have a sustainable child care system.
           i am particularly pleased with the work we have done, in close collaboration with all involved, to put in place the new access and inclusion model, aim. from the feedback i have received, i believe the new aim model is having a positive impact and will continue to make a real difference. i am delighted that the model was introduced on schedule and that take-up of various elements is increasing.
           at my request, tusla has maintained its emphasis on implementing a three-year plan to eliminate the list of unallocated cases and to ensure it does not recur. this is the second year of the action plan, and i can assure the committee that it is a high priority for me in budgetary negotiations for next year. unallocated cases have fallen by 50% since the establishment of tusla in 2014, and there has been a fall of 25% in such cases since the end of 2015. we need to keep the momentum in order to eliminate the list of cases.
           another key element of the reform programme is the development of a modern ict system to support social workers. the national child care information system will ensure that every social work department can record the case history of every child, who is the subject of a child protection or welfare concern. this will apply from the point of initial referral to case closure. the system will also have the capacity to facilitate the integration and sharing of information on child protection and welfare cases between tusla areas. the continued roll-out of the system is a necessity.
           a lifelong concern of mine has been the inequality faced by many groups in society. i have committed to a set of important actions in the area of child homelessness as part of the government’s action plan on housing and homelessness. of course the overall solution is to prevent families from becoming homeless in the first place and to restore them as quickly as possible to their own accommodation when homelessness arises, but there are a number of practical steps we can take to support those in emergency accommodation, including access to early years services, school completion services and free public transport for school journeys. i will continue to work with my colleagues in government to ensure that we deliver a joined-up set of supports to those who are homeless, and to use pragmatic solutions.
           staying with the theme of inequality, another key concern of mine is addressing child poverty. as with homelessness, this is a personal and human issue which we must combat. the key to this is to work together, through public, private, community and voluntary sectors. we must work with young people, parents and front-line agencies. it is not only about income supports – even though these play a vital role. it is about providing services such as child care. we need to prepare children for school so that they have an equal chance at the opportunities that education provides. i believe that education is key to lifting children out of poverty in the long term. of course, we have substantial research evidence to back this up. among the initiatives i want to continue supporting will be the abc programme, which i will also seek to support in the coming budget.
           i am strongly committed to advancing our legislation on adoption. the adoption (amendment) bill 2016 has passed second stage in the dáil and i look forward to working with all the committee members when we reach committee stage, our first committee stage together, which has been set for 2 november. i am pleased to say that the adoption (information and tracing) bill is at an advanced stage of development and i hope to bring it to government for approval to publish later this month.
           the last dáil enacted an important piece of child protection legislation, namely the children first act 2015. we have commenced implementation of some provisions, and i will shortly announce a plan for the phased and structured implementation of all of the remaining sections.
           since becoming minister, i have visited a number of youth services and projects, and met many young people in the context of a range of initiatives that they have been involved in. i have been hugely impressed by the enthusiasm of our young people, and especially by their confident attitude to what they, and we, as a society, can achieve. in particular, i have enjoyed my discussions with young people on participation in decision-making about issues affecting them.
           i have put forward the case during the budgetary process to achieve a favourable increase in funding for youth organisations. in addition, my department is working on the development of the promised lgbt youth strategy that will encompass education, youth services, mental health and other issues of priority to young people. also, a lead team is in place in my department to implement our first ever national youth strategy. while the youth sector may attract less commentary than other areas, it is a key focus for the coming year.
           we all want to build better lives for our children and young people and i hope what i have outlined today will go some way towards achieving that. as i said at the outset, i would very much like to hear details of the members' own priorities and suggestions about how we, together, can make this a better country for children and young people."
2016-07-21,dail,https://data.oireachtas.ie/akn/ie/debateRecord/dail/2016-07-21/debate/main,181,Deputy Katherine Zappone,Deputy Katherine Zappone,"deputy katherine zappone
            the commission of investigation into mother and baby homes was established on 17 february 2015 and is due to report by 17 february 2018. the primary function of the commission is to provide a factual account of what happened to vulnerable women and children in these institutions during the period 1922-98, a 76-year period. the commission will thoroughly examine the experience of residents in 14 named mother and baby homes and a representative sample of county homes. the commission is required to address specific concerns relating to the care, welfare, entry arrangements and exit pathways for the women and children who were residents of these institutions. it is my hope that this commission will help us all come to a better understanding of how society treated mothers and children in these homes and how attitudes, policy and legislation changed over the period. 
             there have been various calls to extend the commission's terms of reference. however, it is important to note that the commission itself can, under its existing terms of reference, bring any matters to the government's attention where it believes this to be warranted in the public interest. as an independent statutory inquiry, the commission has scope to examine a broad range of public concerns, to decide on their importance to the commission's work and to make recommendations on them as it sees fit.
             i recently met with the chair of the commission to discuss progress on the work to date and i will report back to government next week. out of courtesy to former residents, i want to inform representative groups of developments before making any public announcement. i hope to do this next week after i have reported to my government colleagues."
2016-07-21,dail,https://data.oireachtas.ie/akn/ie/debateRecord/dail/2016-07-21/debate/main,263,Deputy Clare Daly,Deputy Clare Daly,"deputy clare daly
            i would appreciate if the minister would get back to me on the issue of indemnity. i am not blaming her for not knowing but it is critical for the survivors. in making those inquiries, could she deal with whether the garda will be called in if any irregularities are unearthed because potentially serious criminal matters may be uncovered?
             if there was any question of saint patrick’s guild being indemnified against that or the state’s being liable we need to know. some of the victims of the crimes that happened in that institution need to know that as well. would the minister be open to meeting a delegation from the coalition of mother and baby home survivors, many of the members of which were involved with saint patrick’s guild? they would give the minister invaluable assistance on the protections that need to be put in place to deal with a historical record of people’s identity. it is so important for those involved, many of whom are ageing. the clientele is dying out and they have a right to know, as much as anybody else, where they came from and who they are."
2016-06-29,dail,https://data.oireachtas.ie/akn/ie/debateRecord/select_committee_on_children_and_youth_affairs/2016-06-29/debate/main,44,Deputy Katherine Zappone,Deputy Katherine Zappone,"deputy katherine zappone
          this is the final programme in the department's vote. the committee might note that this is a wide-ranging programme which aims to oversee key areas of policy, legislation and inter-sectoral collaboration to improve the lives and well-being of children and young people. subhead c3, relating to legal fees and settlements, has incurred no expenditure to date this year. as legal costs are difficult to estimate it is not possible at this time to forecast what the end-year position will be. however, the matter will be kept under ongoing review.
           research subhead c4 shows expenditure at the end of may 2016 of €33,000 against a profile of €76,000. the marginal variation is largely attributable to timing issues on growing up in ireland, the national longitudinal study, and on other research projects that will largely normalise over the remainder of the year. it is possible an underspend of €485,000 will arise at the end of the year due to delays in start-up on the growing up in ireland survey. should this happen, it will necessitate additional funds in 2017.
           subhead c5 contains resource provisions for a wide range of projects and services. overall, the spending on this subhead at the end of may amounted to €711,000 against a profile of €2.848 million.
          the variation is largely attributable to timing issues with fund drawdown for a number of the programmes supported under the subhead, which will regularise by the year end.
           subheads c6 and c7, relating to the adoption authority of ireland and the office of the ombudsman for children, both show underspends in the region of 30% at the end of may. both underspends can be attributed to the timing of costs incurred and both are expected to be fully utilised at the end of the year.
           the position for subhead c8 at the end of may, relating to the commission of investigation into mother and baby homes, amounted to €0.776 million against a profile of €0.994 million. the variation is attributable largely to timing differences, which are expected to reverse somewhat over the coming months as a number of projects commence. however, it is noted that the work of the commission will be the ultimate determinant of the full-year outturn. to this extent, the most significant share of the allocation is profiled in the latter part of the year and the true position will become evident only as the year progresses and the work of the commission advances. i was happy to have the opportunity to meet a couple of members of the commission recently in my offices to look at how things are going there.
           i am happy to take any questions on the programme."
2016-06-29,dail,https://data.oireachtas.ie/akn/ie/debateRecord/select_committee_on_children_and_youth_affairs/2016-06-29/debate/main,45,Deputy Anne Rabbitte,Deputy Anne Rabbitte,"deputy anne rabbitte
          i thank the minister. there has been much media commentary on one of the areas, the commission of investigation into mother and baby homes, in recent weeks, as its remit does not incorporate all of the mother and baby homes. the minister might care to comment on that. seeing as the minister met members of the commission fairly recently, her comments would be welcome. second, are we on target with the delivery of phase two of the growing up in ireland study?"
2016-06-29,dail,https://data.oireachtas.ie/akn/ie/debateRecord/select_committee_on_children_and_youth_affairs/2016-06-29/debate/main,47,Deputy Donnchadh Ó Laoghaire,Deputy Donnchadh Ó Laoghaire,"deputy donnchadh ó laoghaire
          i re-emphasise and support the point made by deputy rabbitte. i would share the view that probably not enough institutions come under the remit of the commission of investigation into mother and baby homes and, that being the case, the budget would probably need to be bigger if additional institutions were included.
           i will pick up on the point of the possibility of an underspend on growing up in ireland. if there is likely to be an underspend, is it anticipated that the funding would remain for similar research projects, and where might these be?
           i presume it is somewhere under this programme as well that the department's obligations under the official languages act 2003 fall. i am not sure whether the department has an extant language plan. if it does, what is likely to be the spend on that? basically, my question is whether the department is in compliance with the act.
           my final question is geared more towards next year than anything else. in subhead c5, i note that there was an increase in funding for the adoption authority of ireland. during the course of the adoption (amendment) bill 2016, i commented that when the bill was passed - as i anticipate it will be - there would likely be a spike in the number of people looking to regularise their situation and formally adopt. surely this will require an increased allocation in 2017."
2016-06-29,dail,https://data.oireachtas.ie/akn/ie/debateRecord/select_committee_on_children_and_youth_affairs/2016-06-29/debate/main,48,Deputy Katherine Zappone,Deputy Katherine Zappone,"deputy katherine zappone
          on the commission of investigation into mother and baby homes, deputy rabbitte's primary question has to do with the number and scope of institutions being investigated and whether that is sufficient.
          obviously, the number was determined by the terms of reference. this is what the commission is engaged in, that is, reviewing the work to date and discussing some of these issues with us. what is most important about the work of the commission, at least from my perspective, has to do with the results of what it is currently undertaking, particularly in terms of the confidential committee that was established as well as the development of a social history for the period of 1922 to 1998. there is much more work going on there than was originally anticipated in both of those contexts because more individuals have come forward. there has been an active campaign to invite persons, whether adults who were babies in these institutions or staff who worked there, to come forward to give their confidential evidence to the committee and for it to understand and interpret what was going on.
           in terms of the social history module, what was found was that the social history of that time was not comprehensive and there were many inaccuracies. therefore, more unanticipated archival work is being done in order to bring together what will, hopefully, be an extremely significant contribution to our understanding of what happened and why. that work will, therefore, be presented to us, the government and the state, to determine the most appropriate response. prior to making a decision about whether there would be a need for the commission to do additional work, in terms of extending its scope or scale, it is rational and appropriate to first hear from and see what the commission uncovers, particularly in regard to those two key aspects of its work. i can also assure members, in terms of my own personal commitment to women in the past and the children of these women, that given the extreme and terrible difficulties and challenges and wrong that they no doubt faced, it is another top priority of mine to examine what comes out of the commission and whether or not it is important to extend it.
           the growing up in ireland survey is mostly on target and the cross-departmental group that overseas it with my department is satisfied with the progress. phase one was completed and phase two has commenced. the field work was slightly delayed but we will get back on track.
           it is good that deputy jan o'sullivan asked about the voice of the child and young person. obviously, it is central to the role of my department to ensure that the voice is heard and, more importantly, influences the policy. a number of works and products that came out of that part of the work of the department and the voices of children coming forward finished in 2015. these are on my desk and i am trying to go through them to ensure that they influence policy and that it is not merely a report on a shelf.
           we lead in many consultations in our own policy areas but we also support the consultations with respect to other departments. there are a few pieces of work, which await completion and which we want to publish as soon as possible.
          we will be building on this further by establishing a participation hub which will be a central, accessible resource to government departments, state agencies and ngos where it can be administered and receive indications of interest on what needs to be done as well as moving that forward. i am delighted that ireland was the first country in europe to publish a participative strategy across government.
           i will now turn to the official languages act. the department is compliant, the scheme is in place in it and we are conscious of the needs regarding the child care resources. there is no specific requirement for an irish language qualified person on the staff of the department of children and youth affairs but staff are supported to develop irish language skills through training. the department is recruiting one staff member from the irish qualified panel to assist us with the work of the child care elements."
2016-05-25,dail,https://data.oireachtas.ie/akn/ie/debateRecord/dail/2016-05-25/debate/main,135,Deputy Mary Lou McDonald,Deputy Mary Lou McDonald,"deputy mary lou mcdonald
          it has created increased stress and distress in the community and it serves absolutely no useful purpose. i ask the taoiseach to join me in that appeal.
           mr. victor stevenson, a man who campaigned long and hard on behalf of the survivors of the bethany home and the westbank orphanage, has died very suddenly and he will be laid to rest tomorrow. sadly, victor died without having seen truth or any justice for his personal case and experiences, and there are many more like him. is the taoiseach agreeable to meet campaigners from westbank orphanage and a number of the other institutions that remain outside the remit of the commission of investigation into mother and baby homes?"
2016-05-18,dail,https://data.oireachtas.ie/akn/ie/debateRecord/dail/2016-05-18/debate/main,292,Deputy Shane Cassells,Deputy Shane Cassells,"deputy shane cassells
          i join others in congratulating the minister on her appointment. i have a great interest in the work of her department, in particular relating to child care, and i look forward to working with her constructively on the resources needed by early childhood years service providers and to seeing their agenda and that of parents progressed during the lifetime of this dáil.
           i listened to the minister's remarks on the bill yesterday. she referred to how basic human rights issues went to the core of who she was as a person. she wore her heart on her sleeve yesterday, for which she is to be admired. i also listened to deputy joan burton's remarks on this matter, in particular about the failure of the bill to address problems with adoption information and tracing.
           i wish to quote some lines:
          it was great to see this year, ireland celebrating its past with her people's search for connection to it, stronger than ever. indeed, the month of march 2016 saw the online release of thousands of irish catholic parish records for public access and genealogy websites gifting a month's free access to users. the interest in identity remains a booming business yet the significance of it can be felt very deeply within people's lives.
          these lines came from a lady in london who wrote to me on behalf of her aunt who is now in her 80s and comes from castlepollard in my constituency of meath west. she was born at the castlepollard mother and baby home in the 1930s and was separated from her mother, whom she never saw again, at birth. following a lifetime of complicit silence, she asked her niece six months ago to find something out about her biological family. she made a request for information and tracing via tusla, but it is inundated with requests and the task of processing retrospective and current cases is a major undertaking for its staff. the lady and her aunt have received minimal information to date. as the lady said, time is against them after eight decades. they need action.
           with regard to the wider aspects of the bill, it brings greater clarity to adoption legislation and removes a number of outdated legal anomalies, in particular that of adoptions by step-parents. it facilitates married parents in placing their children up for adoption on a voluntary basis where both parents consent to the making of the adoption order. i agree with the minister's assertion that the legislation provides for significant improvements in the rights of children and that she is focused on putting the best interests of the child at the centre of any discussion regarding adoption.
           in that regard, i will touch on a matter that our spokesperson, deputy robert troy, raised yesterday and that can be emotive for people, namely, the provision that gives greater legislative clarity to adoption proceedings in the case of parental failure. parental failure happens. it is an unpleasant fact, one that people often do not like to admit or discuss. some important sections of our society do not even acknowledge that it exists. the mantra that a child is always best served by being with his or her biological parents is not accurate. i have seen scenarios in which nothing could have been further from the truth. the provision in the amended section allowing the high court to authorise the adoption authorities to make an adoption order on behalf of applicants, for example, foster parents or relatives, if the court is satisfied that such an authorisation is in the best interests of the child, and that the child's parents have failed in their duty towards him or her, is a positive one. it provides a welcome clarity and puts the rights of the child to the fore, not the defence of parents whose main act was one of love making rather than of providing the love, care and support needed for a happy and stable childhood.
          in tandem, there is a real need to consider the resources for those who provide support systems for children in care and support for children’s services generally. having listened to the minister’s words yesterday, i hope and have a great sense that she will champion that cause and demand and seek more resources for children.
           the most substantive provision in the bill is obviously to give legislative effect to the new article, article 42a, on the rights of the child. that provision is to be made in law to enable the views of children who are the subject of child care, custody or adoption proceedings to be ascertained. most important, that the court is to give them due weight is very welcome. 
           i commend the bill for addressing so many legal anomalies. it is positive to see the rights of children being progressed in this dáil."
2016-05-18,dail,https://data.oireachtas.ie/akn/ie/debateRecord/dail/2016-05-18/debate/main,295,Deputy Fiona O'Loughlin,Deputy Fiona O'Loughlin,"deputy fiona o'loughlin
          i congratulate the minister, deputy katherine zappone, on her appointment and wish her well in the task that lies ahead.
           the bill deals with the sensitive and difficult issues of adoption proceedings, adoption orders and adoption eligibility, but we all agree that the paramount concern must be the best interests of the child. every child has an inalienable and now, constitutionally, enshrined right to be assured his or her best interests will always be the fundamental and sole concern in adoption cases. furthermore, children's own wishes, desires and views on their best interest should be valued and, as far as possible, have a significant bearing on any court decision made.
           one of the main tenets of the constitution is that we must cherish children. few matters can be of such importance to a child's welfare and well-being as those of custody, guardianship and adoption. it is a sign of how much our society has developed that we recognise in the constitution and legislation giving effect to constitutional provisions that in fundamental matters of importance children have a right to form a view, have it heard and given due weight in cases that affect them.
           the bill brings clarity to adoption legislation and removes many outdated legal anomalies. in particular, it removes the condition that married parents may not voluntarily place their child for adoption and that a step-parent cannot adopt his or her partner's child without the requirement being met that the biological parent has to apply to adopt his or her own child. the bill also contains provisions giving legislative effect to the family and children relationships bill which provides for the adoption of a child by non-married couples, including civil partners and cohabiting couples.
           the make-up of irish family life has changed enormously and the bill recognises these changes and allows for a wealth of diversity in irish families. census 2011 indicated that irish families were increasingly diverse and that an increasing percentage of children were living in family types other than those headed by married parents. this change in the make-up of family life has occurred in every county in ireland. census data from 2011 showed that there were over 7,000 lone-parent households in county kildare. the data also display 3,000 cohabiting couples with 11,114 children. the number of children living in households headed by cohabiting couples increased by 41% between 2006 and 2011. the central statistics office's vital statistics data also indicate that in 2011 some 25,190 children were born outside marriage or civil partnerships. this number continues to increase year on year.
           fianna fáil welcomes and fully supports this long overdue adoption legislation which gives legislative effect to the constitutional change which requires that the views of the child be heard and given due weight in adoption cases. many children in long-term foster care have for many years held a strong desire to be adopted by their foster families, but they could not be adopted owing to the archaic provisions contained in adoption legislation which was more relevant to the 19th century than 21st century ireland. many thousands of children - close to 2,000 per year - have gone through the care system in the interim owing to this decision and have lost the benefit of being part of a family in the eyes of the law. one can only imagine the potentially harmful consequences this has had on their sense of belonging and home, their identity and rights to succession and inheritance. up to 2,000 children could become eligible for adoption as a result of the change proposed in the legislation. however, the level of resources in place in the adoption system can only support a handful of children in progressing through the system on an annual basis. it is worrying that there is no resourcing plan in place to accompany this legislation. unless resources are put in place in the adoption system, i worry that backlogs will impose another painful delay on the families involved and prevent children in foster care from progressing swiftly through the adoption process. if we consider the current long delays in the family courts, it is deeply worrying to think how they will be severely exacerbated by possibly thousands of new adoption cases. the absence of an aspiration on the part of the government to establish new family courts is worrying. without some reform in this area, there is little hope of alleviating the long delays in family law cases.
           another concern expressed relates to children's rights to information and to trace. it is strange that in parts 2 and 3 of the recently commenced children and family relationship act 2015 there are explicit rights to access information and identity tracing for children conceived through donor-assisted human reproduction, yet adopted children are still waiting for a bill to be published to provide a similar right in the context of adoption. this is lamentable, given all of the public attention this issue has received in the past few years and the tragic stories that have been uncovered. we must ensure in practice that children's views are heard and their best interests ascertained during adoption proceedings.
           currently, married couples cannot place their child for adoption. the bill provides that married parents may place a child for adoption on a voluntary basis, where both parents place him or her for adoption and consent to the making of the adoption order. as geoffrey shannon, the government's special rapporteur on child protection, said during the children's rights referendum, removing this archaic ban will help to stop children from drifting rudderless in the child protection system and allow many children in long-term foster care to be adopted. he said the amendment would give all children equal rights, no matter the status of their parents. allowing for the adoption of marital children will end the legal limbo in which a significant number of children find themselves and which more would face in the future if this provision was to remain unchanged. it is important to stress that this will not in any way lead to more children entering the care system. instead, it will lead to the right children entering the care system, which is what matters most.
           the bill provides for a change in the criteria under which the high court may, in a case involving parental failure, make an order authorising, without parental consent, the adoption of a child who has been in the custody of and had a home with applicants such as foster parents or relatives for a period of at least 18 months. this amendment is not about removing children from their families and placing them in care. it is about ensuring those children in the care system will no longer be left to drift and will be given a second chance. the revised criteria are that the child must be in the custody of and have had a home with the applicants for a continuous period of not less than 18 months, that the high court shall be satisfied that the parents of the child have failed in their duty towards him or her for a period of 36 months and that there is no reasonable prospect that they will be able to care for him or her in a manner that will not prejudicially affect his or her safety or welfare.
           in recent months i have met families living in south kildare where the children are caught up in complicated legal proceedings. these children have already had to endure very tough times and are still in a legal limbo, where after each court appearance they may be moved to a different address. i had the privilege to hear in depth about two cases where children had been fostered and with their foster families for a number of years. in both cases there is a desire on the part of the foster parents to adopt the children and on the part of the children to be legally part of the family.
          it is fabulous to see the love and opportunities these children are now experiencing after the turbulent early years they have had to endure. the bill will allow adoptions such as these to take place and ensure a brighter future for these children.
           most significantly, the bill provides that the best interests of the child are the paramount consideration in any application or proceedings under the adoption act 2010 and that the views of the child shall be ascertained by the adoption authority of ireland or the court, as the case may be, and given due weight having regard to the age and maturity of the child. surely this is what we strive for in every aspect of life and every piece of legislation before this house. the best interests of all children lie in ensuring every citizen is assured of safe, affordable housing and receives the best education, irrespective of his or her background. it is a fundamental duty of an elected representative to ensure that we always act in the best interests of all citizens and, in particular, invest in the future of generations to come.
           the bill provides for the adoption of a child by his or her step-parent without the requirement for the birth parent to adopt his or her own child. previously, if a step-parent wanted to adopt, both the child's birth parent and step-parent had to apply to adopt. the birth parent became an adopting parent, but it is good that, under the bill, the birth parent will continue to be the child's parent and the step-parent will be the adoptive parent. the coalition for mother and baby home survivors, cmabs, referred to this anomalous law as ridiculous and woefully outdated. the bill corrects this anomaly, introducing an amendment whereby the birth parent will continue to be the child's parent and the step-parent will be the adoptive parent.
           many elements of the bill bring greater clarity to adoption legislation. it provides security for children and strengthens families. it strengthens our laws which have been out of step to deal with the realities of modern life. these changes which clear the way for non-married couples and civil partners to adopt jointly are long overdue and welcome. i fully support and commend the bill, especially in alleviating the legal limbo in which families and children in long-term foster care have found themselves for too long."
2016-05-17,dail,https://data.oireachtas.ie/akn/ie/debateRecord/dail/2016-05-17/debate/main,159,Deputy Robert Troy,Deputy Robert Troy,"deputy robert troy
          -----i had prior commitments in my constituency and could not be there. i agree with her that it is very welcome that this is one of the first pieces of legislation to be debated in this dáil term. one of the most significant developments in child protection in recent years has been the constitutional change approved by the people of ireland in november 2012.
           article 42a ""affirms the natural and imprescriptible rights of all children"" and places children's views and their best interests at the centre of court proceedings regarding care, adoption, guardianship, custody and access. fianna fáil welcomes and is fully supportive of this long-overdue adoption legislation, which gives legislative effect to this constitutional change, requiring that the views of the child shall be heard and given due weight in adoption cases.
           we must begin by acknowledging that the bill deals with a sensitive and extremely difficult area, namely, that of adoption proceedings, adoption orders and adoption eligibility. however, it is an area in which, if nothing else, we can all agree that the paramount concern must be the best interests of the child. the child has an inalienable, and now constitutionally enshrined right to ensure that his or her best interests are always the fundamental and sole concern in adoption cases. the bill further provides that children's own wishes, desires and views regarding their best interests are valued and should, as far as practicable, have a significant bearing on court decisions made.
           few matters can be of such importance to a child's welfare and well-being as cases involving custody, guardianship and adoption. it is a sign of how much our society has developed that we recognise in our constitution, and in legislation giving effect to these constitutional provisions, that in fundamental matters of importance, children have a right to form a view, have their view heard and that that view be given due weight in cases that affect them.
           while the amendments in this bill giving effect to both article 42a.4.1°, that ""the best interests of the child shall be the paramount consideration"", and article 42a.4.2°, that ""the views of the child shall be ascertained and given due weight"", are to be welcomed, i believe that further scrutiny may be required in this area to ensure that the views of the child are ascertained in all adoption cases. in particular, there is a strong argument to be made that guidelines or even further legislation may be required to give full effect to article 42a, in particular the provisions that the best interests and the views of the child are heard and considered in adoption proceedings. i intend to return to this point in my concluding remarks.
           i welcome the other elements of this bill, which will bring greater clarity to adoption legislation in the context of non-married couples and civil partners. adoption provides security to children and strengthens families, but our laws have unfortunately been out of step with the reality of modern life for a long time. these changes, which clear the way for non-married couples and civil partners to jointly adopt, are long overdue and welcome.
           i also welcome the removal of the anomaly regarding step-parents. step-parent adoption usually refers to the adoption of a child by a birth mother and her spouse, who is not the birth father of the child. at present, under current adoption legislation, there is a senseless legal anomaly whereby if only the birth parent's spouse adopts the child, the birth parent would lose her rights and responsibilities regarding the child and would no longer be the child's guardian. the coalition of mother and baby home survivors referred to this anomalous law as ""ridiculous and woefully outdated"". this bill corrects this anomaly, introducing an amendment whereby the parent will continue to be the parent and the step-parent will be an adoptive parent.
           this bill also includes provisions that will give greater legislative clarity to adoption proceedings in the case of parental failure. the amended section provides for the high court to authorise the adoption authority to make an adoption order on behalf of applicants, that is, foster parents or relatives, if the court is satisfied that such an authorisation would be in the best interests of the child and if it has been shown to the satisfaction of the high court that the parents of the child have failed in their duty towards the child. it is important to point out that this amendment is not about removing children from their families, but rather about putting them into care. it is about ensuring that children who are in the care system are no longer left to drift and are given a second chance.
           as i said at the outset, this bill has been a long time overdue. the reason for this is that prior to the children's referendum, a decision was taken by the previous government to produce material which was deemed to be impartial. in view of that and directly as a consequence of a decision taken by one of the minister's predecessors or by someone at a very senior level in her department, this legislation is almost four years overdue. thankfully, both the high court and the supreme court rejected the challenge to the vote and upheld the referendum result.
           we must think of the number of children who have gone through the care system in the past four years and who have had to wait far too long for the outcome of the referendum to be given legislative effect. i expect somebody to take responsibility for that decision. nobody ever has. in the previous government, i questioned the tánaiste, who was then minister for children and youth affairs, as to what happened and the answer given was always that we could not debate the issue because it was before the courts. it is no longer before the courts. somebody needs to come out to take responsibility, but also to apologise to the thousands of children who are were deprived their right of getting the opportunity to have their social families recognised as their legal families. close on 2,000 children per year have gone through the care system in the past four years and have lost the benefit of these new legislative changes. i need not remind the house of the potentially harmful consequences this has on these children's sense of belonging, sense of home and sense of identity, as well as on their rights to succession and inheritance.
           as i stated, up to 2,000 children could become eligible for adoption as a result of this change. however, the level of resources in place in the adoption system supports only a small number of children progressing through the system on an annual basis. in 2014, there were 112 domestic orders and 34 inter-country adoption orders. it is a real and worrying issue, one which i hope the minister will acknowledge and respond to in her concluding remarks, that there does not seem to be a resourcing plan to accompany this legislation, given that there is a potential to dramatically increase the number of adoptions that will go through the adoption authority.
           the previous government imposed an agonising long delay on children in long-term foster care by not acting on this legislation. unless resources are put in place in the adoption system, i worry that backlogs in the system will impose another painful delay on these families by preventing children in foster care from progressing swiftly through the adoption process. it is not enough to give these children the legal right to adoption. they also must be able to exercise this right to become legally part of their foster families. i would like to know what level of resources will the minister be putting in place to ensure that these children will not have to wait even longer to exercise this right to a family.
           in the context of this bill, it is equally worrying that there is no commitment in the programme for government for the establishment of family courts. considering the current long delays in family courts, it is deeply worrying to think of how these will be severely exacerbated as a result of possibly thousands of new adoption cases. i would point out that it being a commitment in the programme for government does not necessarily mean that will happen. it was a commitment in the previous programme for government, the previous government lasted its full five-year term yet we still do not have a dedicated family courts system. that is something that is urgently needed. i am speaking about it in the context of this legislation because this will only add to the pressure on the family legal system. it is something that the minister needs to address with her colleague, the tánaiste and minister for justice and equality. without some reform in this area, there is little hope of alleviating the long delays in family law cases.
           i believe it is incumbent on us all in this house, to ensure these children and families are given the opportunity which they are owed by the state, to deal with this bill in as prompt and efficient a manner as possible. however, i am apprehensive about the government's decision to bypass the pre-legislative scrutiny stage, which stage was promised by the previous minister. i believe that pre-legislative scrutiny is not a time-consuming indulgence but provides an essential proofing stage for complex bills such as this. i worry that the decision to skip this stage may hold back some of the later stages if difficulties, whether technical or substantive, are uncovered. in her response, perhaps the minister can outline why the pre-legislative stage was skipped.
           there are a number of section 45 adoption act 2010 difficulties, which i can discern at this stage and which i would like the minister to respond to. one such concern is the complete repeal of section 45 of the 2010 adoption act. section 45 limited the circumstances in which a child could be re-adopted. with complete removal of this section, it seems possible that a child could technically be adopted by two adoptive families. surely the more prudent approach would have been to amend section 45 rather than completely remove it. my party intends bringing forward an amendment in line with international best practice on committee stage.
           another concern is that this legislation fails to deal with how the adoption authority will consult with birth fathers in cases of donor-assisted human reproduction. for example, does the adoption authority have to consult with sperm donors, as is required under section 18 of adoption act 2010 which requires the authority to consult with birth fathers? this is a difficult, complex question. perhaps the minister can respond in due course.
           another concern which has been expressed to me is the apparent incongruity in children's rights to information and tracing. it is an anomalous situation where in parts 2 and 3 of the recently commenced children and family relationships act 2015, there are explicit rights to access to information and identity tracing for children who are conceived from donor-assisted human reproduction. yet, adoptive children are still awaiting the information and tracing bill to be published for a similar right in the context of adoption. this is not the minister's fault, but i want to use the opportunity to remind the house that on the formation of the previous government, both the then minister for justice and equality, mr. shatter, and then minister for children and youth affairs, deputy fitzgerald, held a press conference stating that their first priority in terms of legislation was to give what every child is entitled to, that is, the right to identity.
           in that context and in the context of the tens of thousands of children who, through either forced adoptions or illegal adoptions, do not know their true identity, there was a solemn promise made that such legislation would be top priority for that government. unfortunately, five years later, the legislation has yet to be published. it is something that the minister needs to take on board. from meeting so many of the organisations prior to the establishment of the mother and baby home commission, as i did, i am sure the minister heard, engaged and dealt with these same brave men and women who have come forward and shared the most deeply personal stories with us as public representatives in the hope that we can use our position within the oireachtas to afford them their basic human right to an identity. at the time of the publication of the biography philomena, everyone was outraged and acknowledged the bravery of that lady in terms of what she did to highlight the issue. i urge the minister, as she starts in her position in this department, to get the department into gear and ensure that action is taken to bring forward the information and tracing bill as soon as possible.
           the most substantive provision in the bill is to give legislative effect to the new article 42a on the rights on the child. however, we must ensure, in practice, that during adoption proceedings children's views are heard and their best interests ascertained.
           i will conclude by discussing potential reforms that are required to ensure article 42a on the best interests and views of the child can be better upheld in courts and private legal proceedings. an important point to consider in this regard is that the new article 42a.4.2° will extend the right to be heard in adoption proceedings to all children with the capacity to form views, not just those capable of expressing them. ensuring adherence to the spirit of this new right may require some changes in approach to be applied by those tasked with assessing a child’s decision-making ability during adoption, custody or guardianship proceedings. for example, the new article on the right of the child to be heard may require the provision of further supports for a child during adoption proceedings to enable him or her to form a view, for example, in the form of child-friendly information or a trusted representative who is capable of explaining matters to him or her.
           one of the most worrying omissions from the bill is the absence of a provision on the right to have a guardian ad litem appointed in adoption cases, even though there is such a provision in northern ireland. this omission is despite the fact that many experts in this area, chiefly dr. geoffrey shannon, the government's special rapporteur on child protection, has stated there is inadequate statutory regulation and a lack of guidance on how a guardian ad litem should be appointed. legislative provisions do not specify the requisite qualifications an expert must possess in order to be qualified to carry out a report which seeks to express the views and capture the best interests of the child in these cases.
           the appointment of a guardian ad litem is too fundamental a matter to be left unregulated and the guardian ad litem system should be placed on a statutory footing as a matter of priority. although there have been repeated government promises to reform the area, including measures to tackle the often excessive payments on legal and guardian ad litem fees, nothing has been done. in the last dáil fianna fáil brought forward legislation to reform the guardian ad litem system, which we intend to reintroduce in the coming term. i urge the minister to accept the forthcoming bill which we will to bring before the house shortly. i would welcome an opportunity to discuss it with her and her officials.
           the primary method used to ascertain the wishes of a child is by allowing him or her to speak to the judge privately in his or her chambers. however, it has been suggested reform may be required in this area. guidelines on private meetings between children and judges should be issued to ensure best practice is followed when ascertaining the views of children in adoption cases. dr. shannon suggests guidelines are required in this area, including on the importance of observing the principle of a fair trial and preferably guaranteeing confidentiality to a child, unless the parents in the case object to this on reasonable grounds.
           i fully support and commend the bill, especially for its effect in alleviating the legal limbo which families and children in long-term foster care have been in for too long. it is deeply regrettable that the legislation could not have been implemented sooner after the children’s rights referendum. however, i fear these and other families will have to wait even longer to exercise their constitutional right to become legal families, unless the minister puts in place a coherent plan to properly resource the adoption system and clear the backlogs in the family court. i urge her to take seriously many of the concerns i have raised about the bill, as well as the reforms i have suggested of the wider legal procedures for ascertaining the views of children and what is in their best interests in family cases in accordance with article 42."
2016-05-17,dail,https://data.oireachtas.ie/akn/ie/debateRecord/dail/2016-05-17/debate/main,160,Deputy Donnchadh Ó Laoghaire,Deputy Donnchadh Ó Laoghaire,"deputy donnchadh ó laoghaire
          i congratulate the minister on her elevation to the portfolio of minister for children and youth affairs and wish her the best of luck in her role.
           guím gach rath uirthi sa ról tábhachtach, suntasach seo. tá níos mó aird tugtha le cúpla bliain anuas ar ghnóthaí a bhaineann le leanaí, cúram leanaí agus cúrsaí óige i measc páirtithe polaitiúla agus i measc na meáin. is cóir é go bhfuil roinn agus aire faoi leith ag déileáil leis na hábhair sin. tá súil agam go mbeidh torthaí dearfacha ar obair an aire agus go mbainfidh leanaí, teaghlaigh agus daoine óga na tíre leas astu.
           the minister's track record and commitment to children's rights are well known and well regarded. while we have considerable reservations about the direction of the government and the programme for government which has already seen some controversy regarding the proposed measure on child benefit, we hope to work with the minister in a constructive and progressive manner to ensure the best outcomes, with the best interests of children, young people and families at their centre. i thank the minister for the briefing yesterday. although i was unable to attend, a representative of my office attended and it was very useful to have a number of questions about the legislation answered. it was a very welcome move and i hope it will continue during the lifetime of this dáil.
           the legislation is welcome and we will support it, given that we deem it to be progressive, owing to the removal of some extremely restrictive and arbitrary barriers in adoption law for far too long. to some extent, it brings adoption law into the 21st century. it has been recognised for some time that there is a requirement for the remit of adoption system to be extended beyond traditional marriage. in his remarks on the adoption act 2010 my colleague deputy caoimhghín ó caoláin said, ""finally, i also note the bill fails to recognise the widening reality of what constitutes a family in ireland today.""
           a particularly notable measure in the bill is the removal of barriers which require a birth parent to adopt alongside a step-parent who wants to adopt his or her spouse's child. archaic laws such as this led to the unfair and bizarre situation where a birth parent had to follow a convoluted and unfair process whereby he or she adopted his or her own child. adoption, with proper safeguards and adequate oversight, can ensure children are safeguarded and brought up in a loving family environment that results in their physical, intellectual, emotional and social needs being met in a way that allows them to develop.
           we also welcome and support the change in criteria whereby the high court may dispense with parental consent in situations where it is required and in the interests of the child. we welcome the extending of the grounds on which people can adopt. it opens up many avenues to loving families, in whatever shape or form they may take, to have the opportunity to display their ability to look after a child and raise him or her to become an adult with the high esteem and value he or she may not always have received and with his or her best interests kept at heart. 
           it is particularly good that the rights of cohabitees and civil partners which were advanced in the 2015 act are being consolidated in this legislation. there is a degree of legislative tidying up and consolidation in the bill, which is welcome.
           the headline issue is that the bill is a follow-up to the children's right referendum in 2012 on the thirty-first amendment of the constitution, in which the rights of the child became part of the fabric of our society and the constitution. the referendum and this legislation require that the best interests of the child be considered and paramount. is cinnte gur reifreann tábhachtach a bhí ann, os rud é gur chuir sé é ar bhonn bunreachtúil go raibh gá tuairim an pháiste a thógáil san áireamh. it meant children were viewed with the respect they deserved rather than being treated as though they were somehow irrelevant in the proceedings.
          i refer, for example, to such simple things as being able to have a valued opinion on their own future and fate, with the age of maturity taken into consideration. i welcome sections 9 and 14 and the other provisions of this legislation that require the views of the child to be given due weight. this is appropriate and very proper.
           the state's record of protecting vulnerable children has many blemishes. when deputy caoimhghín ó caoláin spoke on the adoption act 2010, he said, ""in ireland at present, there clearly is more inward adoption, if one can use that term, than outward adoption."" it is possible that we may see a spike in ""outward"" applications and perhaps ""outward"" adoptions in the years to come because so many families in our society are seeking to regularise their situations. i echo the sentiments of deputy robert troy in that regard. if there is to be an increase in applications, there is certainly a need for sufficient resources to be put in place. while i accept deputy caoimhghín ó caoláin's suggestion that there was ""more inward adoption ... than outward adoption"" in 2010, that was certainly not always the case. i doubt that many people need to be reminded of what happened at the mother and baby homes. such scandals continue to trundle on today. some outstanding matters remain unresolved, or have not been resolved in an adequate way. babies were found in mass graves in tuam and in similar facilities. the sad reality is that many young women had their children taken from them and placed with adoptive families against their will. many families, including many marginalised mothers in difficult situations, had children taken out of their care even though this should not have happened. many injustices were done. is mór an scannal é. caithfimid i gcónaí bheith airdeallach i dtaobh an leatrom a déanadh ar na máithreacha agus na leanaí sin.
           the hague convention is very important in this context. we must ensure no child who is adopted into ireland has been separated from his or her mother in the same way that children were separated from irish mothers over so many years. strong human rights safeguards, backed up by legislation like this, are essential. the record of this state is worth remembering. i hope this bill helps to ensure history does not repeat itself. we must make sure we have learned from our mistakes and failures. this country's ratification in 2010 of the 1993 hague convention on the protection of children and co-operation in respect of intercountry adoption was seen as a very positive move at the time. it remains so. although the provisions and aspirations of the convention represent a high ideal for which we continue to aim, i note that many families that wish to adopt, including many people who would be ideal candidates as adoptive parents, have found it difficult and expensive to complete adoptions in the post-hague convention environment. i understand that few children have been adopted with post-hague declarations. it seems that the process remains difficult, slow and expensive. if steps can be taken to rectify this without undermining the crucial protections offered by the hague convention, they should be explored. i look forward to working with the minister in that regard. it is of grave importance that we maintain high standards. this is why we signed up to the hague convention in the first place, just as it was the main reasoning behind the 2012 referendum. the paramount importance of the best interests of the child should always be at the front and at the centre when intercountry adoptions are being explored. the same rights and esteem should be applied to all children, regardless of their origin.
           i would like to mention a policy option that needs to be considered but has not been dealt with in this bill or in previous legislation. adoption, like many other legal processes in ireland, is a very costly procedure. it often costs families many thousands of euro - amounts of €10,000 or €15,000 or perhaps additional amounts - to adopt children. many able people with the potential to be superb, loving parents would be immediately excluded from the possibility of adoption because of such costs. once again, the best interests of the child need to be maintained at the heart of this process and as the first priority. sílim gur chóir go mbeadh na deiseanna céanna i dtaobh uchtaithe ag daoine sna grúpaí ísealioncaim agus meánioncaim agus atá ag daoine sa ghrúpa ardioncaim. people should not be excluded from the adoption process in a way that is dictated purely by their socioeconomic status and their ability to pay substantial amounts of money. i am not sure this issue can necessarily be dealt with in the bill before the house but if there is an opportunity to do so, i hope the minister will take on board the point i have made and give it some time and consideration. i emphasise that this should not involve any diminution of the key safeguards involved in this bill, in the children and family relationships act 2015 or the adoption act 2010.
           i welcome the extension of the consultation process to those deemed by legislation to be ""non-guardian adults"". i anticipate that this is an attempt to ensure those who have played the most significant and foremost role in the upbringing of a child are listened to. even though a non-guardian might not be the legal guardian of the child in question - there are many such cases - he or she may have had a very prominent role in the life and general upbringing of the child. in some cases, he or she may have been the primary caregiver behind the scenes. this legislation opens the door to considerable possibilities in that regard. in theory, any child can now be adopted at one stage or another, depending on his or her circumstances. this is a welcome measure because it gives children a safety net that prevents them from falling through the cracks in so far as that is possible. we must endeavour to ensure no child falls through the cracks. this measure is also welcome because it allows for the adoption of children who may be in long-term foster placements. this will alleviate some of the pressure on our social work service, which is already over-burdened. i emphasise the need to ensure resources and strategies are in place to deal with any increase or spike in applications.
           i look forward to the introduction of the adoption tracing bill, which will give every child the right to identity. i understand following yesterday's briefing that this important bill will be brought to the house in the not so distant future. i hope this happens because every child should have this right. as others have already said, the bill has been promised for quite some time. i hope progress is made with it as soon as possible. i look forward to seeing that happen. on the face of it, the adoption tracing bill will further strengthen the strong and rigorous legislation that is before the house today. i look forward to examining how this bill might be improved on committee stage. i think the legislation proposed in this area will shore up many issues for people, including issues of identity and peace of mind.
           this is a technical bill in some respects because it seeks to amalgamate or consolidate certain sections of the children and family relationships act 2015 and the adoption acts in a sort of parent act and to reform and give clarity to various sections of the adoption act 2010. we will be considering technical and policy-related amendments to this complex legislation to see how it can be strengthened. as i have said, this bill has the full support of sinn féin as the best interests of the child are at its heart. i hope the progressive nature of this bill sets down a marker for other bills that will be presented to the house. we need legislation in this area that reflects a modern ireland rather than leaves us trying to catch up to our european counterparts. for some time, this country's adoption legislation has left us seeking to catch up.
           during the public debate of recent weeks, sinn féin has regularly emphasised its desire to see the government taking positive and progressive action, in a general sense. we are keen to support the government when it takes action and proposes legislation in a positive and progressive way. we are not interested in opposing legislation for the sake of it, although we will hold the government to account when it makes mistakes and errors and pursues policies with which we disagree. we are happy to support good-quality legislation that improves the rights of children, advances irish society and gives further support to irish families. it is valuable and welcome that the first bill to be introduced by the government is one we are happy to support. i believe the people voted for a forward-thinking parliament. regardless of the composition of the government that has been formed, the opportunity exists for us to work as the forward-thinking parliament for which people voted. nobody wants the politics of old. it will be interesting to see whether such a change takes place. beidh sé sin le feiceáil. táimid breá sásta tacú leis an bpíosa reachtaíochta seo agus cabhrú leis an aire agus an dáil ag obair chun feabhas a chur ar an mbille seo."
2016-02-02,dail,https://data.oireachtas.ie/akn/ie/debateRecord/dail/2016-02-02/debate/main,283,The Taoiseach,The Taoiseach,"the taoiseach
          i would like to say a few words on the government decision to appoint a statutory commission of investigation into a foster home in the south east. when this government came to office, we set out to undo the damage and heal some of the hurt inflicted on the most vulnerable in our society. one of those groups was the magdalene women, the unseen launderers of our country's stains and secrets. we issued a state apology to those women and established a restorative justice scheme in june 2013. when i met them in london, they told me about the difference that apology made to their lives and the changes the restorative aspect is making. there have been 804 applications to the scheme, with €23 million paid out to date.
           in 2015, we set up the statutory commission of investigation into mother and baby homes and certain related matters. we need to know, and will find out, what happened to these women and their babies between 1922 and 1998.
           in 2014, the government established the surgical symphysiotomy payment scheme to provide an alternative, non-adversarial option for the women affected. there were 578 applications resulting in €23 million in allocations at the end of 2015.
           if ireland was declared by yeats to be ""no country for old men"", the legacy issues i have just mentioned suggest it was positively treacherous and at times omnipotent when it came to our girls and women. immediately when we came to office, we began to look at these issues and started by focusing our attention on our children, which coincided with the cloyne report on sexual violence inflicted on children in the cloyne diocese. i was anxious that the trauma inflicted on these children would be addressed and that we would make it clear as a country that the constitution and our code of law were paramount and nothing else. for the first time, we set about creating a full cabinet ministry for children and youth affairs. we established the child and family agency with a regime of strict governance and stricter accountability for child and family services. under new national standards for the protection and welfare of children, front line services for children and families became subject to independent hiqa inspection for the first time.
           the new criminal law (sexual offences) bill 2015 includes stronger sanctions aimed at protecting children from sexual exploitation, child abuse material and online grooming. the criminal justice (withholding of information on offences against children and vulnerable persons) act 2012 makes it an offence to withhold information on serious offences committed against a child or against a vulnerable adult and with the children first act, the government gave children their voice. it recognised them as individuals in their own right under the constitution for the first time and because it did, the best interests of the child now are paramount in every decision taken by a public body in matters related to children. putting children first was a long time coming but at last it is here. in respect of disability, hiqa has carried out 1,370 inspections of residential settings for adults and children with disabilities since regulations came into effect in 2014.
           i believe i can speak for everyone in the house and many outside it when i state words do not exist to describe adequately the depth and volume of revulsion we feel about the allegations of abuse and failures of which we have heard. i believe equally that the agreement in principle of a statutory commission of inquiry is the right way to address the enormity of the depravity that has been uncovered. i acknowledge these are allegations but i believe the response of the minister of state, deputy kathleen lynch, the minister, deputy varadkar, and the government is the right way to proceed. grace, because of her condition, was silent but as i stated earlier, by her treatment and her abandonment she was silenced. those who left her to her fate pressed the mute button on her young life and on an appalling experience. above all, the mute button was pressed on her dignity, her humanity, her civil and human rights and on her innate worth as an innocent, precious fragile life on this earth.
           the question is: in ticking its boxes, was the system blind and deaf? did the system possess so little awareness and so little accountability that it could become a stone to grace, a non-verbal person, to her abject experience or to her desperate need? i expect the commission of investigation will answer these questions and will get the answers the people need. it is critical that it should so do in finding and re-establishing our co-ordinates as a people and as a functioning, moral and responsible society. i hope the drafting of the terms of reference for this commission will have a sound basis in the scoping exercise of the senior counsel, mr. dignam, that currently is under way and to which the government has given additional resources and that the two reports, namely, the devine report and the resilience ireland report, also will provide the basis on which an accurate and precise set of terms of reference can be put in place. this should not interfere with the ongoing independent garda inquiry. the ryan report into institutional abuse is a precedent in this regard, whereby a commission of investigation can proceed in parallel with a garda inquiry and it remains for the next administration to approve these terms of reference, to approve a sole member to deal with the commission of investigation and to proceed.
           i am sure the hearts of the many excellent foster parents in ireland are breaking when they hear all these allegations. they love the children who come to them as though they were their own. i believe there is a resonance here that the current government should concern itself with these matters as it comes to the close of its term because they are matters of doing not what is correct but of doing, as i stated here on my first day as taoiseach, what is right. the government will seek with this commission to do what is right by grace and all the young people and adults about whom allegations of maltreatment have been levied. i believe it is the best, most powerful and thorough way to treat them with the respect and kindness of which their experience in their lives in care were so devoid. this is a highly sensitive case and many allegations have been made. it is right and proper that a structured, precise and focused commission of investigation should be able to get at the truth for everybody in order that a similar event to this particular issue will not occur in future. i thank the ceann comhairle for the opportunity to say these few words."
2016-02-02,dail,https://data.oireachtas.ie/akn/ie/debateRecord/dail/2016-02-02/debate/main,301,Deputy Maureen O'Sullivan,Deputy Maureen O'Sullivan,"deputy maureen o'sullivan
          tá sé dochreidte go bhfuil an díospóireacht seo againn anocht, díospóireacht ar scannal cosúil le scannail eile a chuaigh ar aghaidh sa tír seo. there is an air of, ""can this have happened again in recent years?"", after so many similar cases in the past. it is so reminiscent of our debates and discussions on the magdalene laundries, the mother and baby homes, and the abuse in residential institutions where young men, women and children were so disregarded and brutalised. when we had those debates, there was a feeling that had happened in the past and could not recur, yet here we are discussing this matter tonight. 
           language can sometimes fail to adequately describe how we feel or think about matters such as this. we use words such as ""horrifying"", ""shocking"" or ""terrible"", but they do not convey the enormity of what we are told happened to these young people. this is at a time when we supposedly know so much more and where safeguards are supposed to be in place. we have policies on child care and child protection, as well as complaints procedures. all of those measures, however, failed to protect these vulnerable 47 people, and especially those known as grace and ann. 
           it is therefore vitally important that the truth is established as to how such abuse could have continued for so long. we are having a commission of investigation and a garda report to establish the truth. i wish to acknowledge the persistence of the whistleblower, who i believe is a social worker, who has tried for six years to bring to light this matter. there has been a spectacular failure on somebody's part to address the issues.
           if persons fail children in whatever setting, and know about abuse, it should be a matter for dismissal - but not a dismissal that lands in court with the authorities being sued. alternatively, those concerned should have the honour - if they have any - to resign.
           i note that the irish association of social workers referred to the rapid turnover of staff and the relative inexperience of those working with children at risk. we know we do not have enough social workers and we can see that, in particular, concerning the provision of services for homeless people. families have been in touch with me who have been waiting for very long periods to have a social worker assigned to them. earlier today during questions to the minister for health, we were talking about cuts to intellectual disability services and a reduction in the number of trained intellectual disability nurses. they are being replaced by agency staff who do not have experience in that area.
           the most important question is why children were left in the home when the allegation of abuse emerged. i would like clarification on new graduates going into tusla. that agency finds it difficult to retain staff because they are moving on to less stressful positions. i agree with what the minister said earlier about establishing the facts, but i want to return to another abuse issue that i raised here at leaders' questions with the taoiseach. it led to me meeting the minister for justice and equality, and it concerns abuse in swimming circles. some of the perpetrators were brought to justice but one known figure in swimming circles was not. by whatever means, he left this country and was able to live a fine life in another jurisdiction, leaving a trail of heartache behind him for his abuse victims. the facts were established and gardaí were confident that this person would be brought to justice. gardaí met one of the victims and assured her that due process would be followed, the person would be brought to court and she would see justice. that would have been part of a healing process for her, which is so important for people who have been abused, but that did not happen because the dpp decided not to go ahead with the case.
           when garda detectives called out to tell this victim that the case was not going ahead, she tried to commit suicide. there have been other suicides of that person's victims since then because the person was not brought to justice, even though the facts were known. i am sorry, but i do not have much faith in the dpp, given that garda detectives were confident the case would go ahead. i sincerely hope that does not happen in the current case. i do not want to jeopardise any investigation of a criminal case, but i have grave doubts as to whether justice can be done for those who suffered.
           finally, i wish to refer to the foster parents i met in my teaching days, who gave exemplary care to children in their care. they must be feeling particularly hurt today because there is a danger of tarring everybody with the same brush."
2016-01-13,dail,https://data.oireachtas.ie/akn/ie/debateRecord/dail/2016-01-13/debate/main,283,Deputy Robert Troy,Deputy Robert Troy,"deputy robert troy
          i refer to wind energy guidelines. it was promised that they would be published in advance of the local elections. we are now in advance of the general election. will the taoiseach and government publish them?
           i refer to two items relating to children. in 2012, the children's referendum, which was supported by all political parties in the house, was passed. we are still waiting on legislation to give effect to those in long-term foster care to be eligible for adoption. will that legislation be brought before the house before the general election? will the legislation to give effect to the information and tracing procedures, something we all support, come before the dáil before the election? can we expect the interim report on the commission of investigation into mother and baby homes before the general election?"
