date,house,debateType,debate_uri,xml_uri
2020-12-18,seanad,debate,https://data.oireachtas.ie/akn/ie/debateRecord/seanad/2020-12-18/debate/main,https://data.oireachtas.ie/akn/ie/debateRecord/seanad/2020-12-18/debate/mul@/main.xml
2020-12-17,seanad,debate,https://data.oireachtas.ie/akn/ie/debateRecord/seanad/2020-12-17/debate/main,https://data.oireachtas.ie/akn/ie/debateRecord/seanad/2020-12-17/debate/mul@/main.xml
2020-12-17,dail,debate,https://data.oireachtas.ie/akn/ie/debateRecord/committee_of_public_accounts/2020-12-17/debate/main,https://data.oireachtas.ie/akn/ie/debateRecord/committee_of_public_accounts/2020-12-17/debate/mul@/main.xml
2020-12-17,dail,debate,https://data.oireachtas.ie/akn/ie/debateRecord/joint_sub_committee_on_mental_health/2020-12-17/debate/main,https://data.oireachtas.ie/akn/ie/debateRecord/joint_sub_committee_on_mental_health/2020-12-17/debate/mul@/main.xml
2020-12-17,dail,debate,https://data.oireachtas.ie/akn/ie/debateRecord/joint_committee_on_education_further_and_higher_education_research_innovation_and_science/2020-12-17/debate/main,https://data.oireachtas.ie/akn/ie/debateRecord/joint_committee_on_education_further_and_higher_education_research_innovation_and_science/2020-12-17/debate/mul@/main.xml
2020-12-17,dail,debate,https://data.oireachtas.ie/akn/ie/debateRecord/joint_committee_on_foreign_affairs_and_defence/2020-12-17/debate/main,https://data.oireachtas.ie/akn/ie/debateRecord/joint_committee_on_foreign_affairs_and_defence/2020-12-17/debate/mul@/main.xml
2020-12-17,dail,debate,https://data.oireachtas.ie/akn/ie/debateRecord/joint_committee_on_agriculture_and_the_marine/2020-12-17/debate/main,https://data.oireachtas.ie/akn/ie/debateRecord/joint_committee_on_agriculture_and_the_marine/2020-12-17/debate/mul@/main.xml
2020-12-17,dail,debate,https://data.oireachtas.ie/akn/ie/debateRecord/dail/2020-12-17/debate/main,https://data.oireachtas.ie/akn/ie/debateRecord/dail/2020-12-17/debate/mul@/main.xml
2020-12-16,seanad,debate,https://data.oireachtas.ie/akn/ie/debateRecord/seanad/2020-12-16/debate/main,https://data.oireachtas.ie/akn/ie/debateRecord/seanad/2020-12-16/debate/mul@/main.xml
2020-12-16,dail,debate,https://data.oireachtas.ie/akn/ie/debateRecord/joint_committee_on_enterprise_trade_and_employment/2020-12-16/debate/main,https://data.oireachtas.ie/akn/ie/debateRecord/joint_committee_on_enterprise_trade_and_employment/2020-12-16/debate/mul@/main.xml
2020-12-16,dail,debate,https://data.oireachtas.ie/akn/ie/debateRecord/joint_committee_on_finance_public_expenditure_and_reform_and_taoiseach/2020-12-16/debate/main,https://data.oireachtas.ie/akn/ie/debateRecord/joint_committee_on_finance_public_expenditure_and_reform_and_taoiseach/2020-12-16/debate/mul@/main.xml
2020-12-16,dail,debate,https://data.oireachtas.ie/akn/ie/debateRecord/joint_committee_on_health/2020-12-16/debate/main,https://data.oireachtas.ie/akn/ie/debateRecord/joint_committee_on_health/2020-12-16/debate/mul@/main.xml
2020-12-16,dail,debate,https://data.oireachtas.ie/akn/ie/debateRecord/committee_of_public_accounts/2020-12-16/debate/main,https://data.oireachtas.ie/akn/ie/debateRecord/committee_of_public_accounts/2020-12-16/debate/mul@/main.xml
2020-12-16,dail,debate,https://data.oireachtas.ie/akn/ie/debateRecord/joint_committee_on_social_protection_community_and_rural_development_and_the_islands/2020-12-16/debate/main,https://data.oireachtas.ie/akn/ie/debateRecord/joint_committee_on_social_protection_community_and_rural_development_and_the_islands/2020-12-16/debate/mul@/main.xml
2020-12-16,dail,debate,https://data.oireachtas.ie/akn/ie/debateRecord/joint_committee_on_transport_and_communications_networks/2020-12-16/debate/main,https://data.oireachtas.ie/akn/ie/debateRecord/joint_committee_on_transport_and_communications_networks/2020-12-16/debate/mul@/main.xml
2020-12-16,dail,debate,https://data.oireachtas.ie/akn/ie/debateRecord/joint_committee_on_media_tourism_arts_culture_sport_and_the_gaeltacht/2020-12-16/debate/main,https://data.oireachtas.ie/akn/ie/debateRecord/joint_committee_on_media_tourism_arts_culture_sport_and_the_gaeltacht/2020-12-16/debate/mul@/main.xml
2020-12-16,dail,debate,https://data.oireachtas.ie/akn/ie/debateRecord/joint_committee_on_european_union_affairs/2020-12-16/debate/main,https://data.oireachtas.ie/akn/ie/debateRecord/joint_committee_on_european_union_affairs/2020-12-16/debate/mul@/main.xml
2020-12-16,dail,debate,https://data.oireachtas.ie/akn/ie/debateRecord/seanad_special_committee_on_the_withdrawal_of_the_united_kingdom_from_the_european_union/2020-12-16/debate/main,https://data.oireachtas.ie/akn/ie/debateRecord/seanad_special_committee_on_the_withdrawal_of_the_united_kingdom_from_the_european_union/2020-12-16/debate/mul@/main.xml
2020-12-16,dail,debate,https://data.oireachtas.ie/akn/ie/debateRecord/dail/2020-12-16/debate/main,https://data.oireachtas.ie/akn/ie/debateRecord/dail/2020-12-16/debate/mul@/main.xml
2020-12-15,seanad,debate,https://data.oireachtas.ie/akn/ie/debateRecord/seanad/2020-12-15/debate/main,https://data.oireachtas.ie/akn/ie/debateRecord/seanad/2020-12-15/debate/mul@/main.xml
2020-12-15,dail,debate,https://data.oireachtas.ie/akn/ie/debateRecord/select_committee_on_climate_action/2020-12-15/debate/main,https://data.oireachtas.ie/akn/ie/debateRecord/select_committee_on_climate_action/2020-12-15/debate/mul@/main.xml
2020-12-15,dail,debate,https://data.oireachtas.ie/akn/ie/debateRecord/joint_committee_on_agriculture_and_the_marine/2020-12-15/debate/main,https://data.oireachtas.ie/akn/ie/debateRecord/joint_committee_on_agriculture_and_the_marine/2020-12-15/debate/mul@/main.xml
2020-12-15,dail,debate,https://data.oireachtas.ie/akn/ie/debateRecord/joint_committee_on_finance_public_expenditure_and_reform_and_taoiseach/2020-12-15/debate/main,https://data.oireachtas.ie/akn/ie/debateRecord/joint_committee_on_finance_public_expenditure_and_reform_and_taoiseach/2020-12-15/debate/mul@/main.xml
2020-12-15,dail,debate,https://data.oireachtas.ie/akn/ie/debateRecord/joint_committee_on_housing_local_government_and_heritage/2020-12-15/debate/main,https://data.oireachtas.ie/akn/ie/debateRecord/joint_committee_on_housing_local_government_and_heritage/2020-12-15/debate/mul@/main.xml
2020-12-15,dail,debate,https://data.oireachtas.ie/akn/ie/debateRecord/joint_committee_on_children_disability_equality_and_integration/2020-12-15/debate/main,https://data.oireachtas.ie/akn/ie/debateRecord/joint_committee_on_children_disability_equality_and_integration/2020-12-15/debate/mul@/main.xml
2020-12-15,dail,debate,https://data.oireachtas.ie/akn/ie/debateRecord/dail/2020-12-15/debate/main,https://data.oireachtas.ie/akn/ie/debateRecord/dail/2020-12-15/debate/mul@/main.xml
2020-12-14,seanad,debate,https://data.oireachtas.ie/akn/ie/debateRecord/seanad/2020-12-14/debate/main,https://data.oireachtas.ie/akn/ie/debateRecord/seanad/2020-12-14/debate/mul@/main.xml
2020-12-11,seanad,debate,https://data.oireachtas.ie/akn/ie/debateRecord/seanad/2020-12-11/debate/main,https://data.oireachtas.ie/akn/ie/debateRecord/seanad/2020-12-11/debate/mul@/main.xml
2020-12-10,dail,debate,https://data.oireachtas.ie/akn/ie/debateRecord/committee_of_public_accounts/2020-12-10/debate/main,https://data.oireachtas.ie/akn/ie/debateRecord/committee_of_public_accounts/2020-12-10/debate/mul@/main.xml
2020-12-10,dail,debate,https://data.oireachtas.ie/akn/ie/debateRecord/joint_committee_on_education_further_and_higher_education_research_innovation_and_science/2020-12-10/debate/main,https://data.oireachtas.ie/akn/ie/debateRecord/joint_committee_on_education_further_and_higher_education_research_innovation_and_science/2020-12-10/debate/mul@/main.xml
2020-12-10,dail,debate,https://data.oireachtas.ie/akn/ie/debateRecord/joint_sub_committee_on_mental_health/2020-12-10/debate/main,https://data.oireachtas.ie/akn/ie/debateRecord/joint_sub_committee_on_mental_health/2020-12-10/debate/mul@/main.xml
2020-12-10,dail,debate,https://data.oireachtas.ie/akn/ie/debateRecord/committee_on_public_petitions/2020-12-10/debate/main,https://data.oireachtas.ie/akn/ie/debateRecord/committee_on_public_petitions/2020-12-10/debate/mul@/main.xml
2020-12-10,dail,debate,https://data.oireachtas.ie/akn/ie/debateRecord/joint_committee_on_foreign_affairs_and_defence/2020-12-10/debate/main,https://data.oireachtas.ie/akn/ie/debateRecord/joint_committee_on_foreign_affairs_and_defence/2020-12-10/debate/mul@/main.xml
2020-12-10,dail,debate,https://data.oireachtas.ie/akn/ie/debateRecord/dail/2020-12-10/debate/main,https://data.oireachtas.ie/akn/ie/debateRecord/dail/2020-12-10/debate/mul@/main.xml
2020-12-09,dail,debate,https://data.oireachtas.ie/akn/ie/debateRecord/comhchoiste_na_gaeilge_na_gaeltachta_agus_phobal_labhartha_na_gaeilge/2020-12-09/debate/main,https://data.oireachtas.ie/akn/ie/debateRecord/comhchoiste_na_gaeilge_na_gaeltachta_agus_phobal_labhartha_na_gaeilge/2020-12-09/debate/mul@/main.xml
2020-12-09,seanad,debate,https://data.oireachtas.ie/akn/ie/debateRecord/seanad/2020-12-09/debate/main,https://data.oireachtas.ie/akn/ie/debateRecord/seanad/2020-12-09/debate/mul@/main.xml
2020-12-09,dail,debate,https://data.oireachtas.ie/akn/ie/debateRecord/committee_of_public_accounts/2020-12-09/debate/main,https://data.oireachtas.ie/akn/ie/debateRecord/committee_of_public_accounts/2020-12-09/debate/mul@/main.xml
2020-12-09,dail,debate,https://data.oireachtas.ie/akn/ie/debateRecord/joint_committee_on_social_protection_community_and_rural_development_and_the_islands/2020-12-09/debate/main,https://data.oireachtas.ie/akn/ie/debateRecord/joint_committee_on_social_protection_community_and_rural_development_and_the_islands/2020-12-09/debate/mul@/main.xml
2020-12-09,dail,debate,https://data.oireachtas.ie/akn/ie/debateRecord/joint_committee_on_disability_matters/2020-12-09/debate/main,https://data.oireachtas.ie/akn/ie/debateRecord/joint_committee_on_disability_matters/2020-12-09/debate/mul@/main.xml
2020-12-09,dail,debate,https://data.oireachtas.ie/akn/ie/debateRecord/joint_committee_on_media_tourism_arts_culture_sport_and_the_gaeltacht/2020-12-09/debate/main,https://data.oireachtas.ie/akn/ie/debateRecord/joint_committee_on_media_tourism_arts_culture_sport_and_the_gaeltacht/2020-12-09/debate/mul@/main.xml
2020-12-09,dail,debate,https://data.oireachtas.ie/akn/ie/debateRecord/joint_committee_on_transport_and_communications_networks/2020-12-09/debate/main,https://data.oireachtas.ie/akn/ie/debateRecord/joint_committee_on_transport_and_communications_networks/2020-12-09/debate/mul@/main.xml
2020-12-09,dail,debate,https://data.oireachtas.ie/akn/ie/debateRecord/committee_on_members_interests_of_dail_eireann/2020-12-09/debate/main,https://data.oireachtas.ie/akn/ie/debateRecord/committee_on_members_interests_of_dail_eireann/2020-12-09/debate/mul@/main.xml
2020-12-09,dail,debate,https://data.oireachtas.ie/akn/ie/debateRecord/joint_committee_on_enterprise_trade_and_employment/2020-12-09/debate/main,https://data.oireachtas.ie/akn/ie/debateRecord/joint_committee_on_enterprise_trade_and_employment/2020-12-09/debate/mul@/main.xml
2020-12-09,dail,debate,https://data.oireachtas.ie/akn/ie/debateRecord/joint_committee_on_european_union_affairs/2020-12-09/debate/main,https://data.oireachtas.ie/akn/ie/debateRecord/joint_committee_on_european_union_affairs/2020-12-09/debate/mul@/main.xml
2020-12-09,dail,debate,https://data.oireachtas.ie/akn/ie/debateRecord/joint_committee_on_health/2020-12-09/debate/main,https://data.oireachtas.ie/akn/ie/debateRecord/joint_committee_on_health/2020-12-09/debate/mul@/main.xml
2020-12-09,dail,debate,https://data.oireachtas.ie/akn/ie/debateRecord/joint_committee_on_finance_public_expenditure_and_reform_and_taoiseach/2020-12-09/debate/main,https://data.oireachtas.ie/akn/ie/debateRecord/joint_committee_on_finance_public_expenditure_and_reform_and_taoiseach/2020-12-09/debate/mul@/main.xml
2020-12-09,dail,debate,https://data.oireachtas.ie/akn/ie/debateRecord/dail/2020-12-09/debate/main,https://data.oireachtas.ie/akn/ie/debateRecord/dail/2020-12-09/debate/mul@/main.xml
2020-12-08,seanad,debate,https://data.oireachtas.ie/akn/ie/debateRecord/seanad/2020-12-08/debate/main,https://data.oireachtas.ie/akn/ie/debateRecord/seanad/2020-12-08/debate/mul@/main.xml
2020-12-08,dail,debate,https://data.oireachtas.ie/akn/ie/debateRecord/joint_committee_on_agriculture_and_the_marine/2020-12-08/debate/main,https://data.oireachtas.ie/akn/ie/debateRecord/joint_committee_on_agriculture_and_the_marine/2020-12-08/debate/mul@/main.xml
2020-12-08,dail,debate,https://data.oireachtas.ie/akn/ie/debateRecord/joint_committee_on_children_disability_equality_and_integration/2020-12-08/debate/main,https://data.oireachtas.ie/akn/ie/debateRecord/joint_committee_on_children_disability_equality_and_integration/2020-12-08/debate/mul@/main.xml
2020-12-08,dail,debate,https://data.oireachtas.ie/akn/ie/debateRecord/joint_committee_on_housing_local_government_and_heritage/2020-12-08/debate/main,https://data.oireachtas.ie/akn/ie/debateRecord/joint_committee_on_housing_local_government_and_heritage/2020-12-08/debate/mul@/main.xml
2020-12-08,dail,debate,https://data.oireachtas.ie/akn/ie/debateRecord/select_committee_on_education_further_and_higher_education_research_innovation_and_science/2020-12-08/debate/main,https://data.oireachtas.ie/akn/ie/debateRecord/select_committee_on_education_further_and_higher_education_research_innovation_and_science/2020-12-08/debate/mul@/main.xml
2020-12-08,dail,debate,https://data.oireachtas.ie/akn/ie/debateRecord/committee_on_budgetary_oversight/2020-12-08/debate/main,https://data.oireachtas.ie/akn/ie/debateRecord/committee_on_budgetary_oversight/2020-12-08/debate/mul@/main.xml
2020-12-08,dail,debate,https://data.oireachtas.ie/akn/ie/debateRecord/joint_committee_on_finance_public_expenditure_and_reform_and_taoiseach/2020-12-08/debate/main,https://data.oireachtas.ie/akn/ie/debateRecord/joint_committee_on_finance_public_expenditure_and_reform_and_taoiseach/2020-12-08/debate/mul@/main.xml
2020-12-08,dail,debate,https://data.oireachtas.ie/akn/ie/debateRecord/joint_committee_on_the_implementation_of_the_good_friday_agreement/2020-12-08/debate/main,https://data.oireachtas.ie/akn/ie/debateRecord/joint_committee_on_the_implementation_of_the_good_friday_agreement/2020-12-08/debate/mul@/main.xml
2020-12-08,dail,debate,https://data.oireachtas.ie/akn/ie/debateRecord/dail/2020-12-08/debate/main,https://data.oireachtas.ie/akn/ie/debateRecord/dail/2020-12-08/debate/mul@/main.xml
2020-12-03,dail,debate,https://data.oireachtas.ie/akn/ie/debateRecord/joint_committee_on_foreign_affairs_and_defence/2020-12-03/debate/main,https://data.oireachtas.ie/akn/ie/debateRecord/joint_committee_on_foreign_affairs_and_defence/2020-12-03/debate/mul@/main.xml
2020-12-03,seanad,debate,https://data.oireachtas.ie/akn/ie/debateRecord/seanad/2020-12-03/debate/main,https://data.oireachtas.ie/akn/ie/debateRecord/seanad/2020-12-03/debate/mul@/main.xml
2020-12-03,dail,debate,https://data.oireachtas.ie/akn/ie/debateRecord/joint_committee_on_education_further_and_higher_education_research_innovation_and_science/2020-12-03/debate/main,https://data.oireachtas.ie/akn/ie/debateRecord/joint_committee_on_education_further_and_higher_education_research_innovation_and_science/2020-12-03/debate/mul@/main.xml
2020-12-03,dail,debate,https://data.oireachtas.ie/akn/ie/debateRecord/joint_sub_committee_on_mental_health/2020-12-03/debate/main,https://data.oireachtas.ie/akn/ie/debateRecord/joint_sub_committee_on_mental_health/2020-12-03/debate/mul@/main.xml
2020-12-03,dail,debate,https://data.oireachtas.ie/akn/ie/debateRecord/joint_committee_on_key_issues_affecting_the_traveller_community/2020-12-03/debate/main,https://data.oireachtas.ie/akn/ie/debateRecord/joint_committee_on_key_issues_affecting_the_traveller_community/2020-12-03/debate/mul@/main.xml
2020-12-03,dail,debate,https://data.oireachtas.ie/akn/ie/debateRecord/select_committee_on_agriculture_and_the_marine/2020-12-03/debate/main,https://data.oireachtas.ie/akn/ie/debateRecord/select_committee_on_agriculture_and_the_marine/2020-12-03/debate/mul@/main.xml
2020-12-03,dail,debate,https://data.oireachtas.ie/akn/ie/debateRecord/joint_committee_on_disability_matters/2020-12-03/debate/main,https://data.oireachtas.ie/akn/ie/debateRecord/joint_committee_on_disability_matters/2020-12-03/debate/mul@/main.xml
2020-12-03,dail,debate,https://data.oireachtas.ie/akn/ie/debateRecord/joint_committee_on_housing_local_government_and_heritage/2020-12-03/debate/main,https://data.oireachtas.ie/akn/ie/debateRecord/joint_committee_on_housing_local_government_and_heritage/2020-12-03/debate/mul@/main.xml
2020-12-03,dail,debate,https://data.oireachtas.ie/akn/ie/debateRecord/dail/2020-12-03/debate/main,https://data.oireachtas.ie/akn/ie/debateRecord/dail/2020-12-03/debate/mul@/main.xml
2020-12-02,seanad,debate,https://data.oireachtas.ie/akn/ie/debateRecord/seanad/2020-12-02/debate/main,https://data.oireachtas.ie/akn/ie/debateRecord/seanad/2020-12-02/debate/mul@/main.xml
2020-12-02,dail,debate,https://data.oireachtas.ie/akn/ie/debateRecord/joint_committee_on_social_protection_community_and_rural_development_and_the_islands/2020-12-02/debate/main,https://data.oireachtas.ie/akn/ie/debateRecord/joint_committee_on_social_protection_community_and_rural_development_and_the_islands/2020-12-02/debate/mul@/main.xml
2020-12-02,dail,debate,https://data.oireachtas.ie/akn/ie/debateRecord/select_committee_on_finance_public_expenditure_and_reform_and_taoiseach/2020-12-02/debate/main,https://data.oireachtas.ie/akn/ie/debateRecord/select_committee_on_finance_public_expenditure_and_reform_and_taoiseach/2020-12-02/debate/mul@/main.xml
2020-12-02,dail,debate,https://data.oireachtas.ie/akn/ie/debateRecord/committee_of_public_accounts/2020-12-02/debate/main,https://data.oireachtas.ie/akn/ie/debateRecord/committee_of_public_accounts/2020-12-02/debate/mul@/main.xml
2020-12-02,dail,debate,https://data.oireachtas.ie/akn/ie/debateRecord/joint_committee_on_european_union_affairs/2020-12-02/debate/main,https://data.oireachtas.ie/akn/ie/debateRecord/joint_committee_on_european_union_affairs/2020-12-02/debate/mul@/main.xml
2020-12-02,dail,debate,https://data.oireachtas.ie/akn/ie/debateRecord/joint_committee_on_transport_and_communications_networks/2020-12-02/debate/main,https://data.oireachtas.ie/akn/ie/debateRecord/joint_committee_on_transport_and_communications_networks/2020-12-02/debate/mul@/main.xml
2020-12-02,dail,debate,https://data.oireachtas.ie/akn/ie/debateRecord/seanad_special_committee_on_the_withdrawal_of_the_united_kingdom_from_the_european_union/2020-12-02/debate/main,https://data.oireachtas.ie/akn/ie/debateRecord/seanad_special_committee_on_the_withdrawal_of_the_united_kingdom_from_the_european_union/2020-12-02/debate/mul@/main.xml
2020-12-02,dail,debate,https://data.oireachtas.ie/akn/ie/debateRecord/comhchoiste_na_gaeilge_na_gaeltachta_agus_phobal_labhartha_na_gaeilge/2020-12-02/debate/main,https://data.oireachtas.ie/akn/ie/debateRecord/comhchoiste_na_gaeilge_na_gaeltachta_agus_phobal_labhartha_na_gaeilge/2020-12-02/debate/mul@/main.xml
2020-12-02,dail,debate,https://data.oireachtas.ie/akn/ie/debateRecord/joint_committee_on_enterprise_trade_and_employment/2020-12-02/debate/main,https://data.oireachtas.ie/akn/ie/debateRecord/joint_committee_on_enterprise_trade_and_employment/2020-12-02/debate/mul@/main.xml
2020-12-02,dail,debate,https://data.oireachtas.ie/akn/ie/debateRecord/select_committee_on_health/2020-12-02/debate/main,https://data.oireachtas.ie/akn/ie/debateRecord/select_committee_on_health/2020-12-02/debate/mul@/main.xml
2020-12-02,dail,debate,https://data.oireachtas.ie/akn/ie/debateRecord/joint_committee_on_media_tourism_arts_culture_sport_and_the_gaeltacht/2020-12-02/debate/main,https://data.oireachtas.ie/akn/ie/debateRecord/joint_committee_on_media_tourism_arts_culture_sport_and_the_gaeltacht/2020-12-02/debate/mul@/main.xml
2020-12-02,dail,debate,https://data.oireachtas.ie/akn/ie/debateRecord/dail/2020-12-02/debate/main,https://data.oireachtas.ie/akn/ie/debateRecord/dail/2020-12-02/debate/mul@/main.xml
2020-12-01,seanad,debate,https://data.oireachtas.ie/akn/ie/debateRecord/seanad/2020-12-01/debate/main,https://data.oireachtas.ie/akn/ie/debateRecord/seanad/2020-12-01/debate/mul@/main.xml
2020-12-01,dail,debate,https://data.oireachtas.ie/akn/ie/debateRecord/joint_committee_on_agriculture_and_the_marine/2020-12-01/debate/main,https://data.oireachtas.ie/akn/ie/debateRecord/joint_committee_on_agriculture_and_the_marine/2020-12-01/debate/mul@/main.xml
2020-12-01,dail,debate,https://data.oireachtas.ie/akn/ie/debateRecord/joint_committee_on_housing_local_government_and_heritage/2020-12-01/debate/main,https://data.oireachtas.ie/akn/ie/debateRecord/joint_committee_on_housing_local_government_and_heritage/2020-12-01/debate/mul@/main.xml
2020-12-01,dail,debate,https://data.oireachtas.ie/akn/ie/debateRecord/seanad_special_committee_on_the_withdrawal_of_the_united_kingdom_from_the_european_union/2020-12-01/debate/main,https://data.oireachtas.ie/akn/ie/debateRecord/seanad_special_committee_on_the_withdrawal_of_the_united_kingdom_from_the_european_union/2020-12-01/debate/mul@/main.xml
2020-12-01,dail,debate,https://data.oireachtas.ie/akn/ie/debateRecord/joint_committee_on_children_disability_equality_and_integration/2020-12-01/debate/main,https://data.oireachtas.ie/akn/ie/debateRecord/joint_committee_on_children_disability_equality_and_integration/2020-12-01/debate/mul@/main.xml
2020-12-01,dail,debate,https://data.oireachtas.ie/akn/ie/debateRecord/select_committee_on_justice/2020-12-01/debate/main,https://data.oireachtas.ie/akn/ie/debateRecord/select_committee_on_justice/2020-12-01/debate/mul@/main.xml
2020-12-01,dail,debate,https://data.oireachtas.ie/akn/ie/debateRecord/dail/2020-12-01/debate/main,https://data.oireachtas.ie/akn/ie/debateRecord/dail/2020-12-01/debate/mul@/main.xml
2020-11-30,seanad,debate,https://data.oireachtas.ie/akn/ie/debateRecord/seanad/2020-11-30/debate/main,https://data.oireachtas.ie/akn/ie/debateRecord/seanad/2020-11-30/debate/mul@/main.xml
2020-11-26,seanad,debate,https://data.oireachtas.ie/akn/ie/debateRecord/seanad/2020-11-26/debate/main,https://data.oireachtas.ie/akn/ie/debateRecord/seanad/2020-11-26/debate/mul@/main.xml
2020-11-26,dail,debate,https://data.oireachtas.ie/akn/ie/debateRecord/joint_committee_on_the_implementation_of_the_good_friday_agreement/2020-11-26/debate/main,https://data.oireachtas.ie/akn/ie/debateRecord/joint_committee_on_the_implementation_of_the_good_friday_agreement/2020-11-26/debate/mul@/main.xml
2020-11-26,dail,debate,https://data.oireachtas.ie/akn/ie/debateRecord/committee_of_public_accounts/2020-11-26/debate/main,https://data.oireachtas.ie/akn/ie/debateRecord/committee_of_public_accounts/2020-11-26/debate/mul@/main.xml
2020-11-26,dail,debate,https://data.oireachtas.ie/akn/ie/debateRecord/joint_committee_on_housing_local_government_and_heritage/2020-11-26/debate/main,https://data.oireachtas.ie/akn/ie/debateRecord/joint_committee_on_housing_local_government_and_heritage/2020-11-26/debate/mul@/main.xml
2020-11-26,dail,debate,https://data.oireachtas.ie/akn/ie/debateRecord/joint_sub_committee_on_mental_health/2020-11-26/debate/main,https://data.oireachtas.ie/akn/ie/debateRecord/joint_sub_committee_on_mental_health/2020-11-26/debate/mul@/main.xml
2020-11-26,dail,debate,https://data.oireachtas.ie/akn/ie/debateRecord/joint_committee_on_education_further_and_higher_education_research_innovation_and_science/2020-11-26/debate/main,https://data.oireachtas.ie/akn/ie/debateRecord/joint_committee_on_education_further_and_higher_education_research_innovation_and_science/2020-11-26/debate/mul@/main.xml
2020-11-26,dail,debate,https://data.oireachtas.ie/akn/ie/debateRecord/select_committee_on_foreign_affairs_and_defence/2020-11-26/debate/main,https://data.oireachtas.ie/akn/ie/debateRecord/select_committee_on_foreign_affairs_and_defence/2020-11-26/debate/mul@/main.xml
2020-11-26,dail,debate,https://data.oireachtas.ie/akn/ie/debateRecord/dail/2020-11-26/debate/main,https://data.oireachtas.ie/akn/ie/debateRecord/dail/2020-11-26/debate/mul@/main.xml
2020-11-25,seanad,debate,https://data.oireachtas.ie/akn/ie/debateRecord/seanad/2020-11-25/debate/main,https://data.oireachtas.ie/akn/ie/debateRecord/seanad/2020-11-25/debate/mul@/main.xml
2020-11-25,dail,debate,https://data.oireachtas.ie/akn/ie/debateRecord/comhchoiste_na_gaeilge_na_gaeltachta_agus_phobal_labhartha_na_gaeilge/2020-11-25/debate/main,https://data.oireachtas.ie/akn/ie/debateRecord/comhchoiste_na_gaeilge_na_gaeltachta_agus_phobal_labhartha_na_gaeilge/2020-11-25/debate/mul@/main.xml
2020-11-25,dail,debate,https://data.oireachtas.ie/akn/ie/debateRecord/joint_committee_on_european_union_affairs/2020-11-25/debate/main,https://data.oireachtas.ie/akn/ie/debateRecord/joint_committee_on_european_union_affairs/2020-11-25/debate/mul@/main.xml
2020-11-25,dail,debate,https://data.oireachtas.ie/akn/ie/debateRecord/joint_committee_on_transport_and_communications_networks/2020-11-25/debate/main,https://data.oireachtas.ie/akn/ie/debateRecord/joint_committee_on_transport_and_communications_networks/2020-11-25/debate/mul@/main.xml
2020-11-25,dail,debate,https://data.oireachtas.ie/akn/ie/debateRecord/joint_committee_on_social_protection_community_and_rural_development_and_the_islands/2020-11-25/debate/main,https://data.oireachtas.ie/akn/ie/debateRecord/joint_committee_on_social_protection_community_and_rural_development_and_the_islands/2020-11-25/debate/mul@/main.xml
2020-11-25,dail,debate,https://data.oireachtas.ie/akn/ie/debateRecord/joint_committee_on_enterprise_trade_and_employment/2020-11-25/debate/main,https://data.oireachtas.ie/akn/ie/debateRecord/joint_committee_on_enterprise_trade_and_employment/2020-11-25/debate/mul@/main.xml
2020-11-25,dail,debate,https://data.oireachtas.ie/akn/ie/debateRecord/committee_of_public_accounts/2020-11-25/debate/main,https://data.oireachtas.ie/akn/ie/debateRecord/committee_of_public_accounts/2020-11-25/debate/mul@/main.xml
2020-11-25,dail,debate,https://data.oireachtas.ie/akn/ie/debateRecord/select_committee_on_finance_public_expenditure_and_reform_and_taoiseach/2020-11-25/debate/main,https://data.oireachtas.ie/akn/ie/debateRecord/select_committee_on_finance_public_expenditure_and_reform_and_taoiseach/2020-11-25/debate/mul@/main.xml
2020-11-25,dail,debate,https://data.oireachtas.ie/akn/ie/debateRecord/joint_committee_on_media_tourism_arts_culture_sport_and_the_gaeltacht/2020-11-25/debate/main,https://data.oireachtas.ie/akn/ie/debateRecord/joint_committee_on_media_tourism_arts_culture_sport_and_the_gaeltacht/2020-11-25/debate/mul@/main.xml
2020-11-25,dail,debate,https://data.oireachtas.ie/akn/ie/debateRecord/dail/2020-11-25/debate/main,https://data.oireachtas.ie/akn/ie/debateRecord/dail/2020-11-25/debate/mul@/main.xml
2020-11-24,seanad,debate,https://data.oireachtas.ie/akn/ie/debateRecord/seanad/2020-11-24/debate/main,https://data.oireachtas.ie/akn/ie/debateRecord/seanad/2020-11-24/debate/mul@/main.xml
2020-11-24,dail,debate,https://data.oireachtas.ie/akn/ie/debateRecord/joint_committee_on_agriculture_and_the_marine/2020-11-24/debate/main,https://data.oireachtas.ie/akn/ie/debateRecord/joint_committee_on_agriculture_and_the_marine/2020-11-24/debate/mul@/main.xml
2020-11-24,dail,debate,https://data.oireachtas.ie/akn/ie/debateRecord/joint_committee_on_children_disability_equality_and_integration/2020-11-24/debate/main,https://data.oireachtas.ie/akn/ie/debateRecord/joint_committee_on_children_disability_equality_and_integration/2020-11-24/debate/mul@/main.xml
2020-11-24,dail,debate,https://data.oireachtas.ie/akn/ie/debateRecord/joint_committee_on_housing_local_government_and_heritage/2020-11-24/debate/main,https://data.oireachtas.ie/akn/ie/debateRecord/joint_committee_on_housing_local_government_and_heritage/2020-11-24/debate/mul@/main.xml
2020-11-24,dail,debate,https://data.oireachtas.ie/akn/ie/debateRecord/dail/2020-11-24/debate/main,https://data.oireachtas.ie/akn/ie/debateRecord/dail/2020-11-24/debate/mul@/main.xml
2020-11-19,dail,debate,https://data.oireachtas.ie/akn/ie/debateRecord/joint_committee_on_education_further_and_higher_education_research_innovation_and_science/2020-11-19/debate/main,https://data.oireachtas.ie/akn/ie/debateRecord/joint_committee_on_education_further_and_higher_education_research_innovation_and_science/2020-11-19/debate/mul@/main.xml
2020-11-19,dail,debate,https://data.oireachtas.ie/akn/ie/debateRecord/select_committee_on_justice/2020-11-19/debate/main,https://data.oireachtas.ie/akn/ie/debateRecord/select_committee_on_justice/2020-11-19/debate/mul@/main.xml
2020-11-19,dail,debate,https://data.oireachtas.ie/akn/ie/debateRecord/committee_of_public_accounts/2020-11-19/debate/main,https://data.oireachtas.ie/akn/ie/debateRecord/committee_of_public_accounts/2020-11-19/debate/mul@/main.xml
2020-11-19,dail,debate,https://data.oireachtas.ie/akn/ie/debateRecord/joint_committee_on_key_issues_affecting_the_traveller_community/2020-11-19/debate/main,https://data.oireachtas.ie/akn/ie/debateRecord/joint_committee_on_key_issues_affecting_the_traveller_community/2020-11-19/debate/mul@/main.xml
2020-11-19,dail,debate,https://data.oireachtas.ie/akn/ie/debateRecord/joint_committee_on_the_implementation_of_the_good_friday_agreement/2020-11-19/debate/main,https://data.oireachtas.ie/akn/ie/debateRecord/joint_committee_on_the_implementation_of_the_good_friday_agreement/2020-11-19/debate/mul@/main.xml
2020-11-19,dail,debate,https://data.oireachtas.ie/akn/ie/debateRecord/dail/2020-11-19/debate/main,https://data.oireachtas.ie/akn/ie/debateRecord/dail/2020-11-19/debate/mul@/main.xml
2020-11-18,dail,debate,https://data.oireachtas.ie/akn/ie/debateRecord/comhchoiste_na_gaeilge_na_gaeltachta_agus_phobal_labhartha_na_gaeilge/2020-11-18/debate/main,https://data.oireachtas.ie/akn/ie/debateRecord/comhchoiste_na_gaeilge_na_gaeltachta_agus_phobal_labhartha_na_gaeilge/2020-11-18/debate/mul@/main.xml
2020-11-18,seanad,debate,https://data.oireachtas.ie/akn/ie/debateRecord/seanad/2020-11-18/debate/main,https://data.oireachtas.ie/akn/ie/debateRecord/seanad/2020-11-18/debate/mul@/main.xml
2020-11-18,dail,debate,https://data.oireachtas.ie/akn/ie/debateRecord/select_committee_on_social_protection_community_and_rural_development_and_the_islands/2020-11-18/debate/main,https://data.oireachtas.ie/akn/ie/debateRecord/select_committee_on_social_protection_community_and_rural_development_and_the_islands/2020-11-18/debate/mul@/main.xml
2020-11-18,dail,debate,https://data.oireachtas.ie/akn/ie/debateRecord/joint_committee_on_european_union_affairs/2020-11-18/debate/main,https://data.oireachtas.ie/akn/ie/debateRecord/joint_committee_on_european_union_affairs/2020-11-18/debate/mul@/main.xml
2020-11-18,dail,debate,https://data.oireachtas.ie/akn/ie/debateRecord/joint_committee_on_disability_matters/2020-11-18/debate/main,https://data.oireachtas.ie/akn/ie/debateRecord/joint_committee_on_disability_matters/2020-11-18/debate/mul@/main.xml
2020-11-18,dail,debate,https://data.oireachtas.ie/akn/ie/debateRecord/joint_committee_on_media_tourism_arts_culture_sport_and_the_gaeltacht/2020-11-18/debate/main,https://data.oireachtas.ie/akn/ie/debateRecord/joint_committee_on_media_tourism_arts_culture_sport_and_the_gaeltacht/2020-11-18/debate/mul@/main.xml
2020-11-18,dail,debate,https://data.oireachtas.ie/akn/ie/debateRecord/select_committee_on_enterprise_trade_and_employment/2020-11-18/debate/main,https://data.oireachtas.ie/akn/ie/debateRecord/select_committee_on_enterprise_trade_and_employment/2020-11-18/debate/mul@/main.xml
2020-11-18,dail,debate,https://data.oireachtas.ie/akn/ie/debateRecord/joint_committee_on_transport_and_communications_networks/2020-11-18/debate/main,https://data.oireachtas.ie/akn/ie/debateRecord/joint_committee_on_transport_and_communications_networks/2020-11-18/debate/mul@/main.xml
2020-11-18,dail,debate,https://data.oireachtas.ie/akn/ie/debateRecord/committee_of_public_accounts/2020-11-18/debate/main,https://data.oireachtas.ie/akn/ie/debateRecord/committee_of_public_accounts/2020-11-18/debate/mul@/main.xml
2020-11-18,dail,debate,https://data.oireachtas.ie/akn/ie/debateRecord/joint_committee_on_health/2020-11-18/debate/main,https://data.oireachtas.ie/akn/ie/debateRecord/joint_committee_on_health/2020-11-18/debate/mul@/main.xml
2020-11-18,dail,debate,https://data.oireachtas.ie/akn/ie/debateRecord/select_committee_on_finance_public_expenditure_and_reform_and_taoiseach/2020-11-18/debate/main,https://data.oireachtas.ie/akn/ie/debateRecord/select_committee_on_finance_public_expenditure_and_reform_and_taoiseach/2020-11-18/debate/mul@/main.xml
2020-11-18,dail,debate,https://data.oireachtas.ie/akn/ie/debateRecord/dail/2020-11-18/debate/main,https://data.oireachtas.ie/akn/ie/debateRecord/dail/2020-11-18/debate/mul@/main.xml
2020-11-17,seanad,debate,https://data.oireachtas.ie/akn/ie/debateRecord/seanad/2020-11-17/debate/main,https://data.oireachtas.ie/akn/ie/debateRecord/seanad/2020-11-17/debate/mul@/main.xml
2020-11-17,dail,debate,https://data.oireachtas.ie/akn/ie/debateRecord/joint_committee_on_education_further_and_higher_education_research_innovation_and_science/2020-11-17/debate/main,https://data.oireachtas.ie/akn/ie/debateRecord/joint_committee_on_education_further_and_higher_education_research_innovation_and_science/2020-11-17/debate/mul@/main.xml
2020-11-17,dail,debate,https://data.oireachtas.ie/akn/ie/debateRecord/select_committee_on_justice/2020-11-17/debate/main,https://data.oireachtas.ie/akn/ie/debateRecord/select_committee_on_justice/2020-11-17/debate/mul@/main.xml
2020-11-17,dail,debate,https://data.oireachtas.ie/akn/ie/debateRecord/joint_committee_on_agriculture_and_the_marine/2020-11-17/debate/main,https://data.oireachtas.ie/akn/ie/debateRecord/joint_committee_on_agriculture_and_the_marine/2020-11-17/debate/mul@/main.xml
2020-11-17,dail,debate,https://data.oireachtas.ie/akn/ie/debateRecord/select_committee_on_finance_public_expenditure_and_reform_and_taoiseach/2020-11-17/debate/main,https://data.oireachtas.ie/akn/ie/debateRecord/select_committee_on_finance_public_expenditure_and_reform_and_taoiseach/2020-11-17/debate/mul@/main.xml
2020-11-17,dail,debate,https://data.oireachtas.ie/akn/ie/debateRecord/dail/2020-11-17/debate/main,https://data.oireachtas.ie/akn/ie/debateRecord/dail/2020-11-17/debate/mul@/main.xml
2020-11-16,dail,debate,https://data.oireachtas.ie/akn/ie/debateRecord/select_committee_on_finance_public_expenditure_and_reform_and_taoiseach/2020-11-16/debate/main,https://data.oireachtas.ie/akn/ie/debateRecord/select_committee_on_finance_public_expenditure_and_reform_and_taoiseach/2020-11-16/debate/mul@/main.xml
2020-11-12,dail,debate,https://data.oireachtas.ie/akn/ie/debateRecord/joint_committee_on_education_further_and_higher_education_research_innovation_and_science/2020-11-12/debate/main,https://data.oireachtas.ie/akn/ie/debateRecord/joint_committee_on_education_further_and_higher_education_research_innovation_and_science/2020-11-12/debate/mul@/main.xml
2020-11-12,dail,debate,https://data.oireachtas.ie/akn/ie/debateRecord/select_committee_on_children_disability_equality_and_integration/2020-11-12/debate/main,https://data.oireachtas.ie/akn/ie/debateRecord/select_committee_on_children_disability_equality_and_integration/2020-11-12/debate/mul@/main.xml
2020-11-12,dail,debate,https://data.oireachtas.ie/akn/ie/debateRecord/select_committee_on_education_further_and_higher_education_research_innovation_and_science/2020-11-12/debate/main,https://data.oireachtas.ie/akn/ie/debateRecord/select_committee_on_education_further_and_higher_education_research_innovation_and_science/2020-11-12/debate/mul@/main.xml
2020-11-12,dail,debate,https://data.oireachtas.ie/akn/ie/debateRecord/select_committee_on_housing_local_government_and_heritage/2020-11-12/debate/main,https://data.oireachtas.ie/akn/ie/debateRecord/select_committee_on_housing_local_government_and_heritage/2020-11-12/debate/mul@/main.xml
2020-11-12,dail,debate,https://data.oireachtas.ie/akn/ie/debateRecord/joint_committee_on_foreign_affairs_and_defence/2020-11-12/debate/main,https://data.oireachtas.ie/akn/ie/debateRecord/joint_committee_on_foreign_affairs_and_defence/2020-11-12/debate/mul@/main.xml
2020-11-12,dail,debate,https://data.oireachtas.ie/akn/ie/debateRecord/committee_of_public_accounts/2020-11-12/debate/main,https://data.oireachtas.ie/akn/ie/debateRecord/committee_of_public_accounts/2020-11-12/debate/mul@/main.xml
2020-11-12,dail,debate,https://data.oireachtas.ie/akn/ie/debateRecord/joint_committee_on_transport_and_communications_networks/2020-11-12/debate/main,https://data.oireachtas.ie/akn/ie/debateRecord/joint_committee_on_transport_and_communications_networks/2020-11-12/debate/mul@/main.xml
2020-11-12,dail,debate,https://data.oireachtas.ie/akn/ie/debateRecord/joint_committee_on_agriculture_and_the_marine/2020-11-12/debate/main,https://data.oireachtas.ie/akn/ie/debateRecord/joint_committee_on_agriculture_and_the_marine/2020-11-12/debate/mul@/main.xml
2020-11-12,dail,debate,https://data.oireachtas.ie/akn/ie/debateRecord/joint_committee_on_the_implementation_of_the_good_friday_agreement/2020-11-12/debate/main,https://data.oireachtas.ie/akn/ie/debateRecord/joint_committee_on_the_implementation_of_the_good_friday_agreement/2020-11-12/debate/mul@/main.xml
2020-11-12,dail,debate,https://data.oireachtas.ie/akn/ie/debateRecord/joint_committee_on_housing_local_government_and_heritage/2020-11-12/debate/main,https://data.oireachtas.ie/akn/ie/debateRecord/joint_committee_on_housing_local_government_and_heritage/2020-11-12/debate/mul@/main.xml
2020-11-12,dail,debate,https://data.oireachtas.ie/akn/ie/debateRecord/dail/2020-11-12/debate/main,https://data.oireachtas.ie/akn/ie/debateRecord/dail/2020-11-12/debate/mul@/main.xml
2020-11-11,dail,debate,https://data.oireachtas.ie/akn/ie/debateRecord/comhchoiste_na_gaeilge_na_gaeltachta_agus_phobal_labhartha_na_gaeilge/2020-11-11/debate/main,https://data.oireachtas.ie/akn/ie/debateRecord/comhchoiste_na_gaeilge_na_gaeltachta_agus_phobal_labhartha_na_gaeilge/2020-11-11/debate/mul@/main.xml
2020-11-11,seanad,debate,https://data.oireachtas.ie/akn/ie/debateRecord/seanad/2020-11-11/debate/main,https://data.oireachtas.ie/akn/ie/debateRecord/seanad/2020-11-11/debate/mul@/main.xml
2020-11-11,dail,debate,https://data.oireachtas.ie/akn/ie/debateRecord/joint_committee_on_european_union_affairs/2020-11-11/debate/main,https://data.oireachtas.ie/akn/ie/debateRecord/joint_committee_on_european_union_affairs/2020-11-11/debate/mul@/main.xml
2020-11-11,dail,debate,https://data.oireachtas.ie/akn/ie/debateRecord/select_committee_on_social_protection_community_and_rural_development_and_the_islands/2020-11-11/debate/main,https://data.oireachtas.ie/akn/ie/debateRecord/select_committee_on_social_protection_community_and_rural_development_and_the_islands/2020-11-11/debate/mul@/main.xml
2020-11-11,dail,debate,https://data.oireachtas.ie/akn/ie/debateRecord/joint_committee_on_transport_and_communications_networks/2020-11-11/debate/main,https://data.oireachtas.ie/akn/ie/debateRecord/joint_committee_on_transport_and_communications_networks/2020-11-11/debate/mul@/main.xml
2020-11-11,dail,debate,https://data.oireachtas.ie/akn/ie/debateRecord/committee_of_public_accounts/2020-11-11/debate/main,https://data.oireachtas.ie/akn/ie/debateRecord/committee_of_public_accounts/2020-11-11/debate/mul@/main.xml
2020-11-11,dail,debate,https://data.oireachtas.ie/akn/ie/debateRecord/joint_committee_on_media_tourism_arts_culture_sport_and_the_gaeltacht/2020-11-11/debate/main,https://data.oireachtas.ie/akn/ie/debateRecord/joint_committee_on_media_tourism_arts_culture_sport_and_the_gaeltacht/2020-11-11/debate/mul@/main.xml
2020-11-11,dail,debate,https://data.oireachtas.ie/akn/ie/debateRecord/joint_committee_on_disability_matters/2020-11-11/debate/main,https://data.oireachtas.ie/akn/ie/debateRecord/joint_committee_on_disability_matters/2020-11-11/debate/mul@/main.xml
2020-11-11,dail,debate,https://data.oireachtas.ie/akn/ie/debateRecord/joint_committee_on_climate_action/2020-11-11/debate/main,https://data.oireachtas.ie/akn/ie/debateRecord/joint_committee_on_climate_action/2020-11-11/debate/mul@/main.xml
2020-11-11,dail,debate,https://data.oireachtas.ie/akn/ie/debateRecord/joint_committee_on_health/2020-11-11/debate/main,https://data.oireachtas.ie/akn/ie/debateRecord/joint_committee_on_health/2020-11-11/debate/mul@/main.xml
2020-11-11,dail,debate,https://data.oireachtas.ie/akn/ie/debateRecord/dail/2020-11-11/debate/main,https://data.oireachtas.ie/akn/ie/debateRecord/dail/2020-11-11/debate/mul@/main.xml
2020-11-10,seanad,debate,https://data.oireachtas.ie/akn/ie/debateRecord/seanad/2020-11-10/debate/main,https://data.oireachtas.ie/akn/ie/debateRecord/seanad/2020-11-10/debate/mul@/main.xml
2020-11-10,dail,debate,https://data.oireachtas.ie/akn/ie/debateRecord/joint_committee_on_education_further_and_higher_education_research_innovation_and_science/2020-11-10/debate/main,https://data.oireachtas.ie/akn/ie/debateRecord/joint_committee_on_education_further_and_higher_education_research_innovation_and_science/2020-11-10/debate/mul@/main.xml
2020-11-10,dail,debate,https://data.oireachtas.ie/akn/ie/debateRecord/joint_committee_on_housing_local_government_and_heritage/2020-11-10/debate/main,https://data.oireachtas.ie/akn/ie/debateRecord/joint_committee_on_housing_local_government_and_heritage/2020-11-10/debate/mul@/main.xml
2020-11-10,dail,debate,https://data.oireachtas.ie/akn/ie/debateRecord/dail/2020-11-10/debate/main,https://data.oireachtas.ie/akn/ie/debateRecord/dail/2020-11-10/debate/mul@/main.xml
2020-11-06,seanad,debate,https://data.oireachtas.ie/akn/ie/debateRecord/seanad/2020-11-06/debate/main,https://data.oireachtas.ie/akn/ie/debateRecord/seanad/2020-11-06/debate/mul@/main.xml
2020-11-05,seanad,debate,https://data.oireachtas.ie/akn/ie/debateRecord/seanad/2020-11-05/debate/main,https://data.oireachtas.ie/akn/ie/debateRecord/seanad/2020-11-05/debate/mul@/main.xml
2020-11-05,dail,debate,https://data.oireachtas.ie/akn/ie/debateRecord/joint_committee_on_education_further_and_higher_education_research_innovation_and_science/2020-11-05/debate/main,https://data.oireachtas.ie/akn/ie/debateRecord/joint_committee_on_education_further_and_higher_education_research_innovation_and_science/2020-11-05/debate/mul@/main.xml
2020-11-05,dail,debate,https://data.oireachtas.ie/akn/ie/debateRecord/committee_of_public_accounts/2020-11-05/debate/main,https://data.oireachtas.ie/akn/ie/debateRecord/committee_of_public_accounts/2020-11-05/debate/mul@/main.xml
2020-11-05,dail,debate,https://data.oireachtas.ie/akn/ie/debateRecord/joint_committee_on_housing_local_government_and_heritage/2020-11-05/debate/main,https://data.oireachtas.ie/akn/ie/debateRecord/joint_committee_on_housing_local_government_and_heritage/2020-11-05/debate/mul@/main.xml
2020-11-05,dail,debate,https://data.oireachtas.ie/akn/ie/debateRecord/dail/2020-11-05/debate/main,https://data.oireachtas.ie/akn/ie/debateRecord/dail/2020-11-05/debate/mul@/main.xml
2020-11-04,dail,debate,https://data.oireachtas.ie/akn/ie/debateRecord/comhchoiste_na_gaeilge_na_gaeltachta_agus_phobal_labhartha_na_gaeilge/2020-11-04/debate/main,https://data.oireachtas.ie/akn/ie/debateRecord/comhchoiste_na_gaeilge_na_gaeltachta_agus_phobal_labhartha_na_gaeilge/2020-11-04/debate/mul@/main.xml
2020-11-04,dail,debate,https://data.oireachtas.ie/akn/ie/debateRecord/joint_committee_on_transport_and_communications_networks/2020-11-04/debate/main,https://data.oireachtas.ie/akn/ie/debateRecord/joint_committee_on_transport_and_communications_networks/2020-11-04/debate/mul@/main.xml
2020-11-04,dail,debate,https://data.oireachtas.ie/akn/ie/debateRecord/joint_committee_on_disability_matters/2020-11-04/debate/main,https://data.oireachtas.ie/akn/ie/debateRecord/joint_committee_on_disability_matters/2020-11-04/debate/mul@/main.xml
2020-11-04,dail,debate,https://data.oireachtas.ie/akn/ie/debateRecord/select_committee_on_transport_and_communications_networks/2020-11-04/debate/main,https://data.oireachtas.ie/akn/ie/debateRecord/select_committee_on_transport_and_communications_networks/2020-11-04/debate/mul@/main.xml
2020-11-04,dail,debate,https://data.oireachtas.ie/akn/ie/debateRecord/joint_committee_on_social_protection_community_and_rural_development_and_the_islands/2020-11-04/debate/main,https://data.oireachtas.ie/akn/ie/debateRecord/joint_committee_on_social_protection_community_and_rural_development_and_the_islands/2020-11-04/debate/mul@/main.xml
2020-11-04,dail,debate,https://data.oireachtas.ie/akn/ie/debateRecord/joint_committee_on_climate_action/2020-11-04/debate/main,https://data.oireachtas.ie/akn/ie/debateRecord/joint_committee_on_climate_action/2020-11-04/debate/mul@/main.xml
2020-11-04,dail,debate,https://data.oireachtas.ie/akn/ie/debateRecord/joint_committee_on_health/2020-11-04/debate/main,https://data.oireachtas.ie/akn/ie/debateRecord/joint_committee_on_health/2020-11-04/debate/mul@/main.xml
2020-11-04,dail,debate,https://data.oireachtas.ie/akn/ie/debateRecord/committee_of_public_accounts/2020-11-04/debate/main,https://data.oireachtas.ie/akn/ie/debateRecord/committee_of_public_accounts/2020-11-04/debate/mul@/main.xml
2020-11-04,dail,debate,https://data.oireachtas.ie/akn/ie/debateRecord/joint_committee_on_enterprise_trade_and_employment/2020-11-04/debate/main,https://data.oireachtas.ie/akn/ie/debateRecord/joint_committee_on_enterprise_trade_and_employment/2020-11-04/debate/mul@/main.xml
2020-11-04,dail,debate,https://data.oireachtas.ie/akn/ie/debateRecord/joint_committee_on_european_union_affairs/2020-11-04/debate/main,https://data.oireachtas.ie/akn/ie/debateRecord/joint_committee_on_european_union_affairs/2020-11-04/debate/mul@/main.xml
2020-11-04,dail,debate,https://data.oireachtas.ie/akn/ie/debateRecord/joint_committee_on_media_tourism_arts_culture_sport_and_the_gaeltacht/2020-11-04/debate/main,https://data.oireachtas.ie/akn/ie/debateRecord/joint_committee_on_media_tourism_arts_culture_sport_and_the_gaeltacht/2020-11-04/debate/mul@/main.xml
2020-11-04,dail,debate,https://data.oireachtas.ie/akn/ie/debateRecord/dail/2020-11-04/debate/main,https://data.oireachtas.ie/akn/ie/debateRecord/dail/2020-11-04/debate/mul@/main.xml
2020-11-03,dail,debate,https://data.oireachtas.ie/akn/ie/debateRecord/joint_committee_on_transport_and_communications_networks/2020-11-03/debate/main,https://data.oireachtas.ie/akn/ie/debateRecord/joint_committee_on_transport_and_communications_networks/2020-11-03/debate/mul@/main.xml
2020-11-03,dail,debate,https://data.oireachtas.ie/akn/ie/debateRecord/select_committee_on_justice/2020-11-03/debate/main,https://data.oireachtas.ie/akn/ie/debateRecord/select_committee_on_justice/2020-11-03/debate/mul@/main.xml
2020-11-03,dail,debate,https://data.oireachtas.ie/akn/ie/debateRecord/joint_committee_on_agriculture_and_the_marine/2020-11-03/debate/main,https://data.oireachtas.ie/akn/ie/debateRecord/joint_committee_on_agriculture_and_the_marine/2020-11-03/debate/mul@/main.xml
2020-11-03,dail,debate,https://data.oireachtas.ie/akn/ie/debateRecord/joint_committee_on_children_disability_equality_and_integration/2020-11-03/debate/main,https://data.oireachtas.ie/akn/ie/debateRecord/joint_committee_on_children_disability_equality_and_integration/2020-11-03/debate/mul@/main.xml
2020-11-03,dail,debate,https://data.oireachtas.ie/akn/ie/debateRecord/joint_committee_on_housing_local_government_and_heritage/2020-11-03/debate/main,https://data.oireachtas.ie/akn/ie/debateRecord/joint_committee_on_housing_local_government_and_heritage/2020-11-03/debate/mul@/main.xml
2020-11-03,dail,debate,https://data.oireachtas.ie/akn/ie/debateRecord/dail/2020-11-03/debate/main,https://data.oireachtas.ie/akn/ie/debateRecord/dail/2020-11-03/debate/mul@/main.xml
2020-10-29,dail,debate,https://data.oireachtas.ie/akn/ie/debateRecord/joint_committee_on_climate_action/2020-10-29/debate/main,https://data.oireachtas.ie/akn/ie/debateRecord/joint_committee_on_climate_action/2020-10-29/debate/mul@/main.xml
2020-10-28,dail,debate,https://data.oireachtas.ie/akn/ie/debateRecord/joint_committee_on_transport_and_communications_networks/2020-10-28/debate/main,https://data.oireachtas.ie/akn/ie/debateRecord/joint_committee_on_transport_and_communications_networks/2020-10-28/debate/mul@/main.xml
2020-10-28,dail,debate,https://data.oireachtas.ie/akn/ie/debateRecord/joint_committee_on_european_union_affairs/2020-10-28/debate/main,https://data.oireachtas.ie/akn/ie/debateRecord/joint_committee_on_european_union_affairs/2020-10-28/debate/mul@/main.xml
2020-10-28,dail,debate,https://data.oireachtas.ie/akn/ie/debateRecord/joint_committee_on_health/2020-10-28/debate/main,https://data.oireachtas.ie/akn/ie/debateRecord/joint_committee_on_health/2020-10-28/debate/mul@/main.xml
2020-10-28,dail,debate,https://data.oireachtas.ie/akn/ie/debateRecord/joint_committee_on_climate_action/2020-10-28/debate/main,https://data.oireachtas.ie/akn/ie/debateRecord/joint_committee_on_climate_action/2020-10-28/debate/mul@/main.xml
2020-10-27,dail,debate,https://data.oireachtas.ie/akn/ie/debateRecord/joint_committee_on_climate_action/2020-10-27/debate/main,https://data.oireachtas.ie/akn/ie/debateRecord/joint_committee_on_climate_action/2020-10-27/debate/mul@/main.xml
2020-10-27,dail,debate,https://data.oireachtas.ie/akn/ie/debateRecord/joint_committee_on_transport_and_communications_networks/2020-10-27/debate/main,https://data.oireachtas.ie/akn/ie/debateRecord/joint_committee_on_transport_and_communications_networks/2020-10-27/debate/mul@/main.xml
2020-10-23,seanad,debate,https://data.oireachtas.ie/akn/ie/debateRecord/seanad/2020-10-23/debate/main,https://data.oireachtas.ie/akn/ie/debateRecord/seanad/2020-10-23/debate/mul@/main.xml
2020-10-23,dail,debate,https://data.oireachtas.ie/akn/ie/debateRecord/dail/2020-10-23/debate/main,https://data.oireachtas.ie/akn/ie/debateRecord/dail/2020-10-23/debate/mul@/main.xml
2020-10-22,seanad,debate,https://data.oireachtas.ie/akn/ie/debateRecord/seanad/2020-10-22/debate/main,https://data.oireachtas.ie/akn/ie/debateRecord/seanad/2020-10-22/debate/mul@/main.xml
2020-10-22,dail,debate,https://data.oireachtas.ie/akn/ie/debateRecord/committee_of_public_accounts/2020-10-22/debate/main,https://data.oireachtas.ie/akn/ie/debateRecord/committee_of_public_accounts/2020-10-22/debate/mul@/main.xml
2020-10-22,dail,debate,https://data.oireachtas.ie/akn/ie/debateRecord/select_committee_on_climate_action/2020-10-22/debate/main,https://data.oireachtas.ie/akn/ie/debateRecord/select_committee_on_climate_action/2020-10-22/debate/mul@/main.xml
2020-10-22,dail,debate,https://data.oireachtas.ie/akn/ie/debateRecord/select_committee_on_foreign_affairs_and_defence/2020-10-22/debate/main,https://data.oireachtas.ie/akn/ie/debateRecord/select_committee_on_foreign_affairs_and_defence/2020-10-22/debate/mul@/main.xml
2020-10-22,dail,debate,https://data.oireachtas.ie/akn/ie/debateRecord/dail/2020-10-22/debate/main,https://data.oireachtas.ie/akn/ie/debateRecord/dail/2020-10-22/debate/mul@/main.xml
2020-10-21,dail,debate,https://data.oireachtas.ie/akn/ie/debateRecord/comhchoiste_na_gaeilge_na_gaeltachta_agus_phobal_labhartha_na_gaeilge/2020-10-21/debate/main,https://data.oireachtas.ie/akn/ie/debateRecord/comhchoiste_na_gaeilge_na_gaeltachta_agus_phobal_labhartha_na_gaeilge/2020-10-21/debate/mul@/main.xml
2020-10-21,dail,debate,https://data.oireachtas.ie/akn/ie/debateRecord/joint_committee_on_media_tourism_arts_culture_sport_and_the_gaeltacht/2020-10-21/debate/main,https://data.oireachtas.ie/akn/ie/debateRecord/joint_committee_on_media_tourism_arts_culture_sport_and_the_gaeltacht/2020-10-21/debate/mul@/main.xml
2020-10-21,dail,debate,https://data.oireachtas.ie/akn/ie/debateRecord/joint_committee_on_finance_public_expenditure_and_reform_and_taoiseach/2020-10-21/debate/main,https://data.oireachtas.ie/akn/ie/debateRecord/joint_committee_on_finance_public_expenditure_and_reform_and_taoiseach/2020-10-21/debate/mul@/main.xml
2020-10-21,dail,debate,https://data.oireachtas.ie/akn/ie/debateRecord/select_committee_on_transport_and_communications_networks/2020-10-21/debate/main,https://data.oireachtas.ie/akn/ie/debateRecord/select_committee_on_transport_and_communications_networks/2020-10-21/debate/mul@/main.xml
2020-10-21,dail,debate,https://data.oireachtas.ie/akn/ie/debateRecord/joint_committee_on_climate_action/2020-10-21/debate/main,https://data.oireachtas.ie/akn/ie/debateRecord/joint_committee_on_climate_action/2020-10-21/debate/mul@/main.xml
2020-10-21,dail,debate,https://data.oireachtas.ie/akn/ie/debateRecord/joint_committee_on_health/2020-10-21/debate/main,https://data.oireachtas.ie/akn/ie/debateRecord/joint_committee_on_health/2020-10-21/debate/mul@/main.xml
2020-10-21,dail,debate,https://data.oireachtas.ie/akn/ie/debateRecord/joint_committee_on_enterprise_trade_and_employment/2020-10-21/debate/main,https://data.oireachtas.ie/akn/ie/debateRecord/joint_committee_on_enterprise_trade_and_employment/2020-10-21/debate/mul@/main.xml
2020-10-21,dail,debate,https://data.oireachtas.ie/akn/ie/debateRecord/committee_of_public_accounts/2020-10-21/debate/main,https://data.oireachtas.ie/akn/ie/debateRecord/committee_of_public_accounts/2020-10-21/debate/mul@/main.xml
2020-10-21,dail,debate,https://data.oireachtas.ie/akn/ie/debateRecord/joint_committee_on_european_union_affairs/2020-10-21/debate/main,https://data.oireachtas.ie/akn/ie/debateRecord/joint_committee_on_european_union_affairs/2020-10-21/debate/mul@/main.xml
2020-10-21,dail,debate,https://data.oireachtas.ie/akn/ie/debateRecord/dail/2020-10-21/debate/main,https://data.oireachtas.ie/akn/ie/debateRecord/dail/2020-10-21/debate/mul@/main.xml
2020-10-20,dail,debate,https://data.oireachtas.ie/akn/ie/debateRecord/joint_committee_on_housing_local_government_and_heritage/2020-10-20/debate/main,https://data.oireachtas.ie/akn/ie/debateRecord/joint_committee_on_housing_local_government_and_heritage/2020-10-20/debate/mul@/main.xml
2020-10-20,dail,debate,https://data.oireachtas.ie/akn/ie/debateRecord/joint_committee_on_agriculture_and_the_marine/2020-10-20/debate/main,https://data.oireachtas.ie/akn/ie/debateRecord/joint_committee_on_agriculture_and_the_marine/2020-10-20/debate/mul@/main.xml
2020-10-20,dail,debate,https://data.oireachtas.ie/akn/ie/debateRecord/dail/2020-10-20/debate/main,https://data.oireachtas.ie/akn/ie/debateRecord/dail/2020-10-20/debate/mul@/main.xml
2020-10-16,seanad,debate,https://data.oireachtas.ie/akn/ie/debateRecord/seanad/2020-10-16/debate/main,https://data.oireachtas.ie/akn/ie/debateRecord/seanad/2020-10-16/debate/mul@/main.xml
2020-10-15,dail,debate,https://data.oireachtas.ie/akn/ie/debateRecord/joint_committee_on_foreign_affairs_and_defence/2020-10-15/debate/main,https://data.oireachtas.ie/akn/ie/debateRecord/joint_committee_on_foreign_affairs_and_defence/2020-10-15/debate/mul@/main.xml
2020-10-15,dail,debate,https://data.oireachtas.ie/akn/ie/debateRecord/joint_committee_on_climate_action/2020-10-15/debate/main,https://data.oireachtas.ie/akn/ie/debateRecord/joint_committee_on_climate_action/2020-10-15/debate/mul@/main.xml
2020-10-15,dail,debate,https://data.oireachtas.ie/akn/ie/debateRecord/committee_of_public_accounts/2020-10-15/debate/main,https://data.oireachtas.ie/akn/ie/debateRecord/committee_of_public_accounts/2020-10-15/debate/mul@/main.xml
2020-10-15,dail,debate,https://data.oireachtas.ie/akn/ie/debateRecord/joint_committee_on_education_further_and_higher_education_research_innovation_and_science/2020-10-15/debate/main,https://data.oireachtas.ie/akn/ie/debateRecord/joint_committee_on_education_further_and_higher_education_research_innovation_and_science/2020-10-15/debate/mul@/main.xml
2020-10-15,dail,debate,https://data.oireachtas.ie/akn/ie/debateRecord/joint_committee_on_the_implementation_of_the_good_friday_agreement/2020-10-15/debate/main,https://data.oireachtas.ie/akn/ie/debateRecord/joint_committee_on_the_implementation_of_the_good_friday_agreement/2020-10-15/debate/mul@/main.xml
2020-10-15,dail,debate,https://data.oireachtas.ie/akn/ie/debateRecord/select_committee_on_agriculture_and_the_marine/2020-10-15/debate/main,https://data.oireachtas.ie/akn/ie/debateRecord/select_committee_on_agriculture_and_the_marine/2020-10-15/debate/mul@/main.xml
2020-10-15,dail,debate,https://data.oireachtas.ie/akn/ie/debateRecord/dail/2020-10-15/debate/main,https://data.oireachtas.ie/akn/ie/debateRecord/dail/2020-10-15/debate/mul@/main.xml
2020-10-14,dail,debate,https://data.oireachtas.ie/akn/ie/debateRecord/joint_committee_on_disability_matters/2020-10-14/debate/main,https://data.oireachtas.ie/akn/ie/debateRecord/joint_committee_on_disability_matters/2020-10-14/debate/mul@/main.xml
2020-10-14,dail,debate,https://data.oireachtas.ie/akn/ie/debateRecord/select_committee_on_social_protection_community_and_rural_development_and_the_islands/2020-10-14/debate/main,https://data.oireachtas.ie/akn/ie/debateRecord/select_committee_on_social_protection_community_and_rural_development_and_the_islands/2020-10-14/debate/mul@/main.xml
2020-10-14,dail,debate,https://data.oireachtas.ie/akn/ie/debateRecord/joint_committee_on_climate_action/2020-10-14/debate/main,https://data.oireachtas.ie/akn/ie/debateRecord/joint_committee_on_climate_action/2020-10-14/debate/mul@/main.xml
2020-10-14,dail,debate,https://data.oireachtas.ie/akn/ie/debateRecord/joint_committee_on_european_union_affairs/2020-10-14/debate/main,https://data.oireachtas.ie/akn/ie/debateRecord/joint_committee_on_european_union_affairs/2020-10-14/debate/mul@/main.xml
2020-10-14,dail,debate,https://data.oireachtas.ie/akn/ie/debateRecord/joint_committee_on_health/2020-10-14/debate/main,https://data.oireachtas.ie/akn/ie/debateRecord/joint_committee_on_health/2020-10-14/debate/mul@/main.xml
2020-10-14,dail,debate,https://data.oireachtas.ie/akn/ie/debateRecord/joint_committee_on_media_tourism_arts_culture_sport_and_the_gaeltacht/2020-10-14/debate/main,https://data.oireachtas.ie/akn/ie/debateRecord/joint_committee_on_media_tourism_arts_culture_sport_and_the_gaeltacht/2020-10-14/debate/mul@/main.xml
2020-10-14,dail,debate,https://data.oireachtas.ie/akn/ie/debateRecord/joint_committee_on_transport_and_communications_networks/2020-10-14/debate/main,https://data.oireachtas.ie/akn/ie/debateRecord/joint_committee_on_transport_and_communications_networks/2020-10-14/debate/mul@/main.xml
2020-10-14,dail,debate,https://data.oireachtas.ie/akn/ie/debateRecord/committee_of_public_accounts/2020-10-14/debate/main,https://data.oireachtas.ie/akn/ie/debateRecord/committee_of_public_accounts/2020-10-14/debate/mul@/main.xml
2020-10-14,dail,debate,https://data.oireachtas.ie/akn/ie/debateRecord/joint_committee_on_finance_public_expenditure_and_reform_and_taoiseach/2020-10-14/debate/main,https://data.oireachtas.ie/akn/ie/debateRecord/joint_committee_on_finance_public_expenditure_and_reform_and_taoiseach/2020-10-14/debate/mul@/main.xml
2020-10-14,seanad,debate,https://data.oireachtas.ie/akn/ie/debateRecord/seanad/2020-10-14/debate/main,https://data.oireachtas.ie/akn/ie/debateRecord/seanad/2020-10-14/debate/mul@/main.xml
2020-10-14,dail,debate,https://data.oireachtas.ie/akn/ie/debateRecord/dail/2020-10-14/debate/main,https://data.oireachtas.ie/akn/ie/debateRecord/dail/2020-10-14/debate/mul@/main.xml
2020-10-13,dail,debate,https://data.oireachtas.ie/akn/ie/debateRecord/joint_committee_on_housing_local_government_and_heritage/2020-10-13/debate/main,https://data.oireachtas.ie/akn/ie/debateRecord/joint_committee_on_housing_local_government_and_heritage/2020-10-13/debate/mul@/main.xml
2020-10-13,dail,debate,https://data.oireachtas.ie/akn/ie/debateRecord/dail/2020-10-13/debate/main,https://data.oireachtas.ie/akn/ie/debateRecord/dail/2020-10-13/debate/mul@/main.xml
2020-10-08,dail,debate,https://data.oireachtas.ie/akn/ie/debateRecord/joint_committee_on_education_further_and_higher_education_research_innovation_and_science/2020-10-08/debate/main,https://data.oireachtas.ie/akn/ie/debateRecord/joint_committee_on_education_further_and_higher_education_research_innovation_and_science/2020-10-08/debate/mul@/main.xml
2020-10-08,dail,debate,https://data.oireachtas.ie/akn/ie/debateRecord/committee_of_public_accounts/2020-10-08/debate/main,https://data.oireachtas.ie/akn/ie/debateRecord/committee_of_public_accounts/2020-10-08/debate/mul@/main.xml
2020-10-08,dail,debate,https://data.oireachtas.ie/akn/ie/debateRecord/joint_committee_on_transport_and_communications_networks/2020-10-08/debate/main,https://data.oireachtas.ie/akn/ie/debateRecord/joint_committee_on_transport_and_communications_networks/2020-10-08/debate/mul@/main.xml
2020-10-08,dail,debate,https://data.oireachtas.ie/akn/ie/debateRecord/joint_committee_on_the_implementation_of_the_good_friday_agreement/2020-10-08/debate/main,https://data.oireachtas.ie/akn/ie/debateRecord/joint_committee_on_the_implementation_of_the_good_friday_agreement/2020-10-08/debate/mul@/main.xml
2020-10-08,dail,debate,https://data.oireachtas.ie/akn/ie/debateRecord/committee_on_budgetary_oversight/2020-10-08/debate/main,https://data.oireachtas.ie/akn/ie/debateRecord/committee_on_budgetary_oversight/2020-10-08/debate/mul@/main.xml
2020-10-08,seanad,debate,https://data.oireachtas.ie/akn/ie/debateRecord/seanad/2020-10-08/debate/main,https://data.oireachtas.ie/akn/ie/debateRecord/seanad/2020-10-08/debate/mul@/main.xml
2020-10-08,dail,debate,https://data.oireachtas.ie/akn/ie/debateRecord/dail/2020-10-08/debate/main,https://data.oireachtas.ie/akn/ie/debateRecord/dail/2020-10-08/debate/mul@/main.xml
2020-10-07,dail,debate,https://data.oireachtas.ie/akn/ie/debateRecord/committee_of_public_accounts/2020-10-07/debate/main,https://data.oireachtas.ie/akn/ie/debateRecord/committee_of_public_accounts/2020-10-07/debate/mul@/main.xml
2020-10-07,dail,debate,https://data.oireachtas.ie/akn/ie/debateRecord/select_committee_on_media_tourism_arts_culture_sport_and_the_gaeltacht/2020-10-07/debate/main,https://data.oireachtas.ie/akn/ie/debateRecord/select_committee_on_media_tourism_arts_culture_sport_and_the_gaeltacht/2020-10-07/debate/mul@/main.xml
2020-10-07,dail,debate,https://data.oireachtas.ie/akn/ie/debateRecord/joint_committee_on_european_union_affairs/2020-10-07/debate/main,https://data.oireachtas.ie/akn/ie/debateRecord/joint_committee_on_european_union_affairs/2020-10-07/debate/mul@/main.xml
2020-10-07,dail,debate,https://data.oireachtas.ie/akn/ie/debateRecord/joint_committee_on_health/2020-10-07/debate/main,https://data.oireachtas.ie/akn/ie/debateRecord/joint_committee_on_health/2020-10-07/debate/mul@/main.xml
2020-10-07,dail,debate,https://data.oireachtas.ie/akn/ie/debateRecord/joint_committee_on_social_protection_community_and_rural_development_and_the_islands/2020-10-07/debate/main,https://data.oireachtas.ie/akn/ie/debateRecord/joint_committee_on_social_protection_community_and_rural_development_and_the_islands/2020-10-07/debate/mul@/main.xml
2020-10-07,dail,debate,https://data.oireachtas.ie/akn/ie/debateRecord/joint_committee_on_media_tourism_arts_culture_sport_and_the_gaeltacht/2020-10-07/debate/main,https://data.oireachtas.ie/akn/ie/debateRecord/joint_committee_on_media_tourism_arts_culture_sport_and_the_gaeltacht/2020-10-07/debate/mul@/main.xml
2020-10-07,dail,debate,https://data.oireachtas.ie/akn/ie/debateRecord/joint_committee_on_transport_and_communications_networks/2020-10-07/debate/main,https://data.oireachtas.ie/akn/ie/debateRecord/joint_committee_on_transport_and_communications_networks/2020-10-07/debate/mul@/main.xml
2020-10-07,dail,debate,https://data.oireachtas.ie/akn/ie/debateRecord/joint_committee_on_enterprise_trade_and_employment/2020-10-07/debate/main,https://data.oireachtas.ie/akn/ie/debateRecord/joint_committee_on_enterprise_trade_and_employment/2020-10-07/debate/mul@/main.xml
2020-10-07,dail,debate,https://data.oireachtas.ie/akn/ie/debateRecord/joint_committee_on_climate_action/2020-10-07/debate/main,https://data.oireachtas.ie/akn/ie/debateRecord/joint_committee_on_climate_action/2020-10-07/debate/mul@/main.xml
2020-10-07,dail,debate,https://data.oireachtas.ie/akn/ie/debateRecord/joint_committee_on_foreign_affairs_and_defence/2020-10-07/debate/main,https://data.oireachtas.ie/akn/ie/debateRecord/joint_committee_on_foreign_affairs_and_defence/2020-10-07/debate/mul@/main.xml
2020-10-07,seanad,debate,https://data.oireachtas.ie/akn/ie/debateRecord/seanad/2020-10-07/debate/main,https://data.oireachtas.ie/akn/ie/debateRecord/seanad/2020-10-07/debate/mul@/main.xml
2020-10-07,dail,debate,https://data.oireachtas.ie/akn/ie/debateRecord/dail/2020-10-07/debate/main,https://data.oireachtas.ie/akn/ie/debateRecord/dail/2020-10-07/debate/mul@/main.xml
2020-10-06,dail,debate,https://data.oireachtas.ie/akn/ie/debateRecord/select_committee_on_housing_local_government_and_heritage/2020-10-06/debate/main,https://data.oireachtas.ie/akn/ie/debateRecord/select_committee_on_housing_local_government_and_heritage/2020-10-06/debate/mul@/main.xml
2020-10-06,dail,debate,https://data.oireachtas.ie/akn/ie/debateRecord/joint_committee_on_justice/2020-10-06/debate/main,https://data.oireachtas.ie/akn/ie/debateRecord/joint_committee_on_justice/2020-10-06/debate/mul@/main.xml
2020-10-06,dail,debate,https://data.oireachtas.ie/akn/ie/debateRecord/select_committee_on_children_disability_equality_and_integration/2020-10-06/debate/main,https://data.oireachtas.ie/akn/ie/debateRecord/select_committee_on_children_disability_equality_and_integration/2020-10-06/debate/mul@/main.xml
2020-10-06,dail,debate,https://data.oireachtas.ie/akn/ie/debateRecord/joint_committee_on_agriculture_and_the_marine/2020-10-06/debate/main,https://data.oireachtas.ie/akn/ie/debateRecord/joint_committee_on_agriculture_and_the_marine/2020-10-06/debate/mul@/main.xml
2020-10-06,dail,debate,https://data.oireachtas.ie/akn/ie/debateRecord/select_committee_on_finance_public_expenditure_and_reform_and_taoiseach/2020-10-06/debate/main,https://data.oireachtas.ie/akn/ie/debateRecord/select_committee_on_finance_public_expenditure_and_reform_and_taoiseach/2020-10-06/debate/mul@/main.xml
2020-10-06,dail,debate,https://data.oireachtas.ie/akn/ie/debateRecord/joint_committee_on_housing_local_government_and_heritage/2020-10-06/debate/main,https://data.oireachtas.ie/akn/ie/debateRecord/joint_committee_on_housing_local_government_and_heritage/2020-10-06/debate/mul@/main.xml
2020-10-06,dail,debate,https://data.oireachtas.ie/akn/ie/debateRecord/dail/2020-10-06/debate/main,https://data.oireachtas.ie/akn/ie/debateRecord/dail/2020-10-06/debate/mul@/main.xml
2020-10-01,dail,debate,https://data.oireachtas.ie/akn/ie/debateRecord/committee_of_public_accounts/2020-10-01/debate/main,https://data.oireachtas.ie/akn/ie/debateRecord/committee_of_public_accounts/2020-10-01/debate/mul@/main.xml
2020-10-01,dail,debate,https://data.oireachtas.ie/akn/ie/debateRecord/joint_committee_on_health/2020-10-01/debate/main,https://data.oireachtas.ie/akn/ie/debateRecord/joint_committee_on_health/2020-10-01/debate/mul@/main.xml
2020-10-01,seanad,debate,https://data.oireachtas.ie/akn/ie/debateRecord/seanad/2020-10-01/debate/main,https://data.oireachtas.ie/akn/ie/debateRecord/seanad/2020-10-01/debate/mul@/main.xml
2020-10-01,dail,debate,https://data.oireachtas.ie/akn/ie/debateRecord/committee_on_budgetary_oversight/2020-10-01/debate/main,https://data.oireachtas.ie/akn/ie/debateRecord/committee_on_budgetary_oversight/2020-10-01/debate/mul@/main.xml
2020-10-01,dail,debate,https://data.oireachtas.ie/akn/ie/debateRecord/dail/2020-10-01/debate/main,https://data.oireachtas.ie/akn/ie/debateRecord/dail/2020-10-01/debate/mul@/main.xml
2020-09-30,dail,debate,https://data.oireachtas.ie/akn/ie/debateRecord/joint_committee_on_agriculture_and_the_marine/2020-09-30/debate/main,https://data.oireachtas.ie/akn/ie/debateRecord/joint_committee_on_agriculture_and_the_marine/2020-09-30/debate/mul@/main.xml
2020-09-30,dail,debate,https://data.oireachtas.ie/akn/ie/debateRecord/joint_committee_on_foreign_affairs_and_defence/2020-09-30/debate/main,https://data.oireachtas.ie/akn/ie/debateRecord/joint_committee_on_foreign_affairs_and_defence/2020-09-30/debate/mul@/main.xml
2020-09-30,dail,debate,https://data.oireachtas.ie/akn/ie/debateRecord/joint_committee_on_media_tourism_arts_culture_sport_and_the_gaeltacht/2020-09-30/debate/main,https://data.oireachtas.ie/akn/ie/debateRecord/joint_committee_on_media_tourism_arts_culture_sport_and_the_gaeltacht/2020-09-30/debate/mul@/main.xml
2020-09-30,dail,debate,https://data.oireachtas.ie/akn/ie/debateRecord/committee_of_public_accounts/2020-09-30/debate/main,https://data.oireachtas.ie/akn/ie/debateRecord/committee_of_public_accounts/2020-09-30/debate/mul@/main.xml
2020-09-30,dail,debate,https://data.oireachtas.ie/akn/ie/debateRecord/joint_committee_on_european_union_affairs/2020-09-30/debate/main,https://data.oireachtas.ie/akn/ie/debateRecord/joint_committee_on_european_union_affairs/2020-09-30/debate/mul@/main.xml
2020-09-30,dail,debate,https://data.oireachtas.ie/akn/ie/debateRecord/special_committee_on_covid_19_response/2020-09-30/debate/main,https://data.oireachtas.ie/akn/ie/debateRecord/special_committee_on_covid_19_response/2020-09-30/debate/mul@/main.xml
2020-09-30,dail,debate,https://data.oireachtas.ie/akn/ie/debateRecord/joint_committee_on_climate_action/2020-09-30/debate/main,https://data.oireachtas.ie/akn/ie/debateRecord/joint_committee_on_climate_action/2020-09-30/debate/mul@/main.xml
2020-09-30,dail,debate,https://data.oireachtas.ie/akn/ie/debateRecord/joint_committee_on_education_further_and_higher_education_research_innovation_and_science/2020-09-30/debate/main,https://data.oireachtas.ie/akn/ie/debateRecord/joint_committee_on_education_further_and_higher_education_research_innovation_and_science/2020-09-30/debate/mul@/main.xml
2020-09-30,dail,debate,https://data.oireachtas.ie/akn/ie/debateRecord/joint_committee_on_social_protection_community_and_rural_development_and_the_islands/2020-09-30/debate/main,https://data.oireachtas.ie/akn/ie/debateRecord/joint_committee_on_social_protection_community_and_rural_development_and_the_islands/2020-09-30/debate/mul@/main.xml
2020-09-30,dail,debate,https://data.oireachtas.ie/akn/ie/debateRecord/joint_committee_on_transport_and_communications_networks/2020-09-30/debate/main,https://data.oireachtas.ie/akn/ie/debateRecord/joint_committee_on_transport_and_communications_networks/2020-09-30/debate/mul@/main.xml
2020-09-30,seanad,debate,https://data.oireachtas.ie/akn/ie/debateRecord/seanad/2020-09-30/debate/main,https://data.oireachtas.ie/akn/ie/debateRecord/seanad/2020-09-30/debate/mul@/main.xml
2020-09-30,dail,debate,https://data.oireachtas.ie/akn/ie/debateRecord/dail/2020-09-30/debate/main,https://data.oireachtas.ie/akn/ie/debateRecord/dail/2020-09-30/debate/mul@/main.xml
2020-09-29,dail,debate,https://data.oireachtas.ie/akn/ie/debateRecord/special_committee_on_covid_19_response/2020-09-29/debate/main,https://data.oireachtas.ie/akn/ie/debateRecord/special_committee_on_covid_19_response/2020-09-29/debate/mul@/main.xml
2020-09-29,dail,debate,https://data.oireachtas.ie/akn/ie/debateRecord/joint_committee_on_enterprise_trade_and_employment/2020-09-29/debate/main,https://data.oireachtas.ie/akn/ie/debateRecord/joint_committee_on_enterprise_trade_and_employment/2020-09-29/debate/mul@/main.xml
2020-09-29,dail,debate,https://data.oireachtas.ie/akn/ie/debateRecord/joint_committee_on_children_disability_equality_and_integration/2020-09-29/debate/main,https://data.oireachtas.ie/akn/ie/debateRecord/joint_committee_on_children_disability_equality_and_integration/2020-09-29/debate/mul@/main.xml
2020-09-29,dail,debate,https://data.oireachtas.ie/akn/ie/debateRecord/joint_committee_on_finance_public_expenditure_and_reform_and_taoiseach/2020-09-29/debate/main,https://data.oireachtas.ie/akn/ie/debateRecord/joint_committee_on_finance_public_expenditure_and_reform_and_taoiseach/2020-09-29/debate/mul@/main.xml
2020-09-29,dail,debate,https://data.oireachtas.ie/akn/ie/debateRecord/joint_committee_on_the_implementation_of_the_good_friday_agreement/2020-09-29/debate/main,https://data.oireachtas.ie/akn/ie/debateRecord/joint_committee_on_the_implementation_of_the_good_friday_agreement/2020-09-29/debate/mul@/main.xml
2020-09-29,dail,debate,https://data.oireachtas.ie/akn/ie/debateRecord/joint_committee_on_housing_local_government_and_heritage/2020-09-29/debate/main,https://data.oireachtas.ie/akn/ie/debateRecord/joint_committee_on_housing_local_government_and_heritage/2020-09-29/debate/mul@/main.xml
2020-09-29,dail,debate,https://data.oireachtas.ie/akn/ie/debateRecord/joint_committee_on_justice/2020-09-29/debate/main,https://data.oireachtas.ie/akn/ie/debateRecord/joint_committee_on_justice/2020-09-29/debate/mul@/main.xml
2020-09-29,dail,debate,https://data.oireachtas.ie/akn/ie/debateRecord/dail/2020-09-29/debate/main,https://data.oireachtas.ie/akn/ie/debateRecord/dail/2020-09-29/debate/mul@/main.xml
2020-09-25,seanad,debate,https://data.oireachtas.ie/akn/ie/debateRecord/seanad/2020-09-25/debate/main,https://data.oireachtas.ie/akn/ie/debateRecord/seanad/2020-09-25/debate/mul@/main.xml
2020-09-24,dail,debate,https://data.oireachtas.ie/akn/ie/debateRecord/committee_of_public_accounts/2020-09-24/debate/main,https://data.oireachtas.ie/akn/ie/debateRecord/committee_of_public_accounts/2020-09-24/debate/mul@/main.xml
2020-09-24,seanad,debate,https://data.oireachtas.ie/akn/ie/debateRecord/seanad/2020-09-24/debate/main,https://data.oireachtas.ie/akn/ie/debateRecord/seanad/2020-09-24/debate/mul@/main.xml
2020-09-24,dail,debate,https://data.oireachtas.ie/akn/ie/debateRecord/dail/2020-09-24/debate/main,https://data.oireachtas.ie/akn/ie/debateRecord/dail/2020-09-24/debate/mul@/main.xml
2020-09-23,dail,debate,https://data.oireachtas.ie/akn/ie/debateRecord/special_committee_on_covid_19_response/2020-09-23/debate/main,https://data.oireachtas.ie/akn/ie/debateRecord/special_committee_on_covid_19_response/2020-09-23/debate/mul@/main.xml
2020-09-23,seanad,debate,https://data.oireachtas.ie/akn/ie/debateRecord/seanad/2020-09-23/debate/main,https://data.oireachtas.ie/akn/ie/debateRecord/seanad/2020-09-23/debate/mul@/main.xml
2020-09-23,dail,debate,https://data.oireachtas.ie/akn/ie/debateRecord/dail/2020-09-23/debate/main,https://data.oireachtas.ie/akn/ie/debateRecord/dail/2020-09-23/debate/mul@/main.xml
2020-09-22,dail,debate,https://data.oireachtas.ie/akn/ie/debateRecord/dail/2020-09-22/debate/main,https://data.oireachtas.ie/akn/ie/debateRecord/dail/2020-09-22/debate/mul@/main.xml
2020-09-18,dail,debate,https://data.oireachtas.ie/akn/ie/debateRecord/special_committee_on_covid_19_response/2020-09-18/debate/main,https://data.oireachtas.ie/akn/ie/debateRecord/special_committee_on_covid_19_response/2020-09-18/debate/mul@/main.xml
2020-09-18,seanad,debate,https://data.oireachtas.ie/akn/ie/debateRecord/seanad/2020-09-18/debate/main,https://data.oireachtas.ie/akn/ie/debateRecord/seanad/2020-09-18/debate/mul@/main.xml
2020-09-17,dail,debate,https://data.oireachtas.ie/akn/ie/debateRecord/committee_of_public_accounts/2020-09-17/debate/main,https://data.oireachtas.ie/akn/ie/debateRecord/committee_of_public_accounts/2020-09-17/debate/mul@/main.xml
2020-09-17,dail,debate,https://data.oireachtas.ie/akn/ie/debateRecord/dail/2020-09-17/debate/main,https://data.oireachtas.ie/akn/ie/debateRecord/dail/2020-09-17/debate/mul@/main.xml
2020-09-16,dail,debate,https://data.oireachtas.ie/akn/ie/debateRecord/special_committee_on_covid_19_response/2020-09-16/debate/main,https://data.oireachtas.ie/akn/ie/debateRecord/special_committee_on_covid_19_response/2020-09-16/debate/mul@/main.xml
2020-09-16,dail,debate,https://data.oireachtas.ie/akn/ie/debateRecord/dail/2020-09-16/debate/main,https://data.oireachtas.ie/akn/ie/debateRecord/dail/2020-09-16/debate/mul@/main.xml
2020-09-15,dail,debate,https://data.oireachtas.ie/akn/ie/debateRecord/dail/2020-09-15/debate/main,https://data.oireachtas.ie/akn/ie/debateRecord/dail/2020-09-15/debate/mul@/main.xml
2020-09-10,dail,debate,https://data.oireachtas.ie/akn/ie/debateRecord/special_committee_on_covid_19_response/2020-09-10/debate/main,https://data.oireachtas.ie/akn/ie/debateRecord/special_committee_on_covid_19_response/2020-09-10/debate/mul@/main.xml
2020-09-10,seanad,debate,https://data.oireachtas.ie/akn/ie/debateRecord/seanad/2020-09-10/debate/main,https://data.oireachtas.ie/akn/ie/debateRecord/seanad/2020-09-10/debate/mul@/main.xml
2020-09-10,dail,debate,https://data.oireachtas.ie/akn/ie/debateRecord/dail/2020-09-10/debate/main,https://data.oireachtas.ie/akn/ie/debateRecord/dail/2020-09-10/debate/mul@/main.xml
2020-09-09,dail,debate,https://data.oireachtas.ie/akn/ie/debateRecord/special_committee_on_covid_19_response/2020-09-09/debate/main,https://data.oireachtas.ie/akn/ie/debateRecord/special_committee_on_covid_19_response/2020-09-09/debate/mul@/main.xml
2020-09-09,dail,debate,https://data.oireachtas.ie/akn/ie/debateRecord/dail/2020-09-09/debate/main,https://data.oireachtas.ie/akn/ie/debateRecord/dail/2020-09-09/debate/mul@/main.xml
2020-09-08,dail,debate,https://data.oireachtas.ie/akn/ie/debateRecord/dail/2020-09-08/debate/main,https://data.oireachtas.ie/akn/ie/debateRecord/dail/2020-09-08/debate/mul@/main.xml
2020-09-03,dail,debate,https://data.oireachtas.ie/akn/ie/debateRecord/dail/2020-09-03/debate/main,https://data.oireachtas.ie/akn/ie/debateRecord/dail/2020-09-03/debate/mul@/main.xml
2020-09-02,dail,debate,https://data.oireachtas.ie/akn/ie/debateRecord/special_committee_on_covid_19_response/2020-09-02/debate/main,https://data.oireachtas.ie/akn/ie/debateRecord/special_committee_on_covid_19_response/2020-09-02/debate/mul@/main.xml
2020-09-02,dail,debate,https://data.oireachtas.ie/akn/ie/debateRecord/dail/2020-09-02/debate/main,https://data.oireachtas.ie/akn/ie/debateRecord/dail/2020-09-02/debate/mul@/main.xml
2020-08-26,dail,debate,https://data.oireachtas.ie/akn/ie/debateRecord/special_committee_on_covid_19_response/2020-08-26/debate/main,https://data.oireachtas.ie/akn/ie/debateRecord/special_committee_on_covid_19_response/2020-08-26/debate/mul@/main.xml
2020-08-13,dail,debate,https://data.oireachtas.ie/akn/ie/debateRecord/special_committee_on_covid_19_response/2020-08-13/debate/main,https://data.oireachtas.ie/akn/ie/debateRecord/special_committee_on_covid_19_response/2020-08-13/debate/mul@/main.xml
2020-07-31,seanad,debate,https://data.oireachtas.ie/akn/ie/debateRecord/seanad/2020-07-31/debate/main,https://data.oireachtas.ie/akn/ie/debateRecord/seanad/2020-07-31/debate/mul@/main.xml
2020-07-30,seanad,debate,https://data.oireachtas.ie/akn/ie/debateRecord/seanad/2020-07-30/debate/main,https://data.oireachtas.ie/akn/ie/debateRecord/seanad/2020-07-30/debate/mul@/main.xml
2020-07-30,dail,debate,https://data.oireachtas.ie/akn/ie/debateRecord/dail/2020-07-30/debate/main,https://data.oireachtas.ie/akn/ie/debateRecord/dail/2020-07-30/debate/mul@/main.xml
2020-07-29,seanad,debate,https://data.oireachtas.ie/akn/ie/debateRecord/seanad/2020-07-29/debate/main,https://data.oireachtas.ie/akn/ie/debateRecord/seanad/2020-07-29/debate/mul@/main.xml
2020-07-29,dail,debate,https://data.oireachtas.ie/akn/ie/debateRecord/dail/2020-07-29/debate/main,https://data.oireachtas.ie/akn/ie/debateRecord/dail/2020-07-29/debate/mul@/main.xml
2020-07-28,dail,debate,https://data.oireachtas.ie/akn/ie/debateRecord/special_committee_on_covid_19_response/2020-07-28/debate/main,https://data.oireachtas.ie/akn/ie/debateRecord/special_committee_on_covid_19_response/2020-07-28/debate/mul@/main.xml
2020-07-28,seanad,debate,https://data.oireachtas.ie/akn/ie/debateRecord/seanad/2020-07-28/debate/main,https://data.oireachtas.ie/akn/ie/debateRecord/seanad/2020-07-28/debate/mul@/main.xml
2020-07-28,dail,debate,https://data.oireachtas.ie/akn/ie/debateRecord/dail/2020-07-28/debate/main,https://data.oireachtas.ie/akn/ie/debateRecord/dail/2020-07-28/debate/mul@/main.xml
2020-07-24,dail,debate,https://data.oireachtas.ie/akn/ie/debateRecord/special_committee_on_covid_19_response/2020-07-24/debate/main,https://data.oireachtas.ie/akn/ie/debateRecord/special_committee_on_covid_19_response/2020-07-24/debate/mul@/main.xml
2020-07-24,seanad,debate,https://data.oireachtas.ie/akn/ie/debateRecord/seanad/2020-07-24/debate/main,https://data.oireachtas.ie/akn/ie/debateRecord/seanad/2020-07-24/debate/mul@/main.xml
2020-07-24,dail,debate,https://data.oireachtas.ie/akn/ie/debateRecord/dail/2020-07-24/debate/main,https://data.oireachtas.ie/akn/ie/debateRecord/dail/2020-07-24/debate/mul@/main.xml
2020-07-23,seanad,debate,https://data.oireachtas.ie/akn/ie/debateRecord/seanad/2020-07-23/debate/main,https://data.oireachtas.ie/akn/ie/debateRecord/seanad/2020-07-23/debate/mul@/main.xml
2020-07-23,dail,debate,https://data.oireachtas.ie/akn/ie/debateRecord/dail/2020-07-23/debate/main,https://data.oireachtas.ie/akn/ie/debateRecord/dail/2020-07-23/debate/mul@/main.xml
2020-07-22,dail,debate,https://data.oireachtas.ie/akn/ie/debateRecord/dail/2020-07-22/debate/main,https://data.oireachtas.ie/akn/ie/debateRecord/dail/2020-07-22/debate/mul@/main.xml
2020-07-21,dail,debate,https://data.oireachtas.ie/akn/ie/debateRecord/special_committee_on_covid_19_response/2020-07-21/debate/main,https://data.oireachtas.ie/akn/ie/debateRecord/special_committee_on_covid_19_response/2020-07-21/debate/mul@/main.xml
2020-07-21,dail,debate,https://data.oireachtas.ie/akn/ie/debateRecord/dail/2020-07-21/debate/main,https://data.oireachtas.ie/akn/ie/debateRecord/dail/2020-07-21/debate/mul@/main.xml
2020-07-17,dail,debate,https://data.oireachtas.ie/akn/ie/debateRecord/special_committee_on_covid_19_response/2020-07-17/debate/main,https://data.oireachtas.ie/akn/ie/debateRecord/special_committee_on_covid_19_response/2020-07-17/debate/mul@/main.xml
2020-07-17,seanad,debate,https://data.oireachtas.ie/akn/ie/debateRecord/seanad/2020-07-17/debate/main,https://data.oireachtas.ie/akn/ie/debateRecord/seanad/2020-07-17/debate/mul@/main.xml
2020-07-16,seanad,debate,https://data.oireachtas.ie/akn/ie/debateRecord/seanad/2020-07-16/debate/main,https://data.oireachtas.ie/akn/ie/debateRecord/seanad/2020-07-16/debate/mul@/main.xml
2020-07-16,dail,debate,https://data.oireachtas.ie/akn/ie/debateRecord/dail/2020-07-16/debate/main,https://data.oireachtas.ie/akn/ie/debateRecord/dail/2020-07-16/debate/mul@/main.xml
2020-07-15,dail,debate,https://data.oireachtas.ie/akn/ie/debateRecord/dail/2020-07-15/debate/main,https://data.oireachtas.ie/akn/ie/debateRecord/dail/2020-07-15/debate/mul@/main.xml
2020-07-14,dail,debate,https://data.oireachtas.ie/akn/ie/debateRecord/special_committee_on_covid_19_response/2020-07-14/debate/main,https://data.oireachtas.ie/akn/ie/debateRecord/special_committee_on_covid_19_response/2020-07-14/debate/mul@/main.xml
2020-07-14,dail,debate,https://data.oireachtas.ie/akn/ie/debateRecord/dail/2020-07-14/debate/main,https://data.oireachtas.ie/akn/ie/debateRecord/dail/2020-07-14/debate/mul@/main.xml
2020-07-10,dail,debate,https://data.oireachtas.ie/akn/ie/debateRecord/special_committee_on_covid_19_response/2020-07-10/debate/main,https://data.oireachtas.ie/akn/ie/debateRecord/special_committee_on_covid_19_response/2020-07-10/debate/mul@/main.xml
2020-07-09,seanad,debate,https://data.oireachtas.ie/akn/ie/debateRecord/seanad/2020-07-09/debate/main,https://data.oireachtas.ie/akn/ie/debateRecord/seanad/2020-07-09/debate/mul@/main.xml
2020-07-09,dail,debate,https://data.oireachtas.ie/akn/ie/debateRecord/dail/2020-07-09/debate/main,https://data.oireachtas.ie/akn/ie/debateRecord/dail/2020-07-09/debate/mul@/main.xml
2020-07-08,dail,debate,https://data.oireachtas.ie/akn/ie/debateRecord/dail/2020-07-08/debate/main,https://data.oireachtas.ie/akn/ie/debateRecord/dail/2020-07-08/debate/mul@/main.xml
2020-07-07,dail,debate,https://data.oireachtas.ie/akn/ie/debateRecord/special_committee_on_covid_19_response/2020-07-07/debate/main,https://data.oireachtas.ie/akn/ie/debateRecord/special_committee_on_covid_19_response/2020-07-07/debate/mul@/main.xml
2020-07-07,seanad,debate,https://data.oireachtas.ie/akn/ie/debateRecord/seanad/2020-07-07/debate/main,https://data.oireachtas.ie/akn/ie/debateRecord/seanad/2020-07-07/debate/mul@/main.xml
2020-07-07,dail,debate,https://data.oireachtas.ie/akn/ie/debateRecord/dail/2020-07-07/debate/main,https://data.oireachtas.ie/akn/ie/debateRecord/dail/2020-07-07/debate/mul@/main.xml
2020-07-02,dail,debate,https://data.oireachtas.ie/akn/ie/debateRecord/special_committee_on_covid_19_response/2020-07-02/debate/main,https://data.oireachtas.ie/akn/ie/debateRecord/special_committee_on_covid_19_response/2020-07-02/debate/mul@/main.xml
2020-06-30,dail,debate,https://data.oireachtas.ie/akn/ie/debateRecord/special_committee_on_covid_19_response/2020-06-30/debate/main,https://data.oireachtas.ie/akn/ie/debateRecord/special_committee_on_covid_19_response/2020-06-30/debate/mul@/main.xml
2020-06-30,dail,debate,https://data.oireachtas.ie/akn/ie/debateRecord/dail/2020-06-30/debate/main,https://data.oireachtas.ie/akn/ie/debateRecord/dail/2020-06-30/debate/mul@/main.xml
2020-06-29,seanad,debate,https://data.oireachtas.ie/akn/ie/debateRecord/seanad/2020-06-29/debate/main,https://data.oireachtas.ie/akn/ie/debateRecord/seanad/2020-06-29/debate/mul@/main.xml
2020-06-27,dail,debate,https://data.oireachtas.ie/akn/ie/debateRecord/dail/2020-06-27/debate/main,https://data.oireachtas.ie/akn/ie/debateRecord/dail/2020-06-27/debate/mul@/main.xml
2020-06-25,dail,debate,https://data.oireachtas.ie/akn/ie/debateRecord/special_committee_on_covid_19_response/2020-06-25/debate/main,https://data.oireachtas.ie/akn/ie/debateRecord/special_committee_on_covid_19_response/2020-06-25/debate/mul@/main.xml
2020-06-24,dail,debate,https://data.oireachtas.ie/akn/ie/debateRecord/dail/2020-06-24/debate/main,https://data.oireachtas.ie/akn/ie/debateRecord/dail/2020-06-24/debate/mul@/main.xml
2020-06-23,dail,debate,https://data.oireachtas.ie/akn/ie/debateRecord/special_committee_on_covid_19_response/2020-06-23/debate/main,https://data.oireachtas.ie/akn/ie/debateRecord/special_committee_on_covid_19_response/2020-06-23/debate/mul@/main.xml
2020-06-23,dail,debate,https://data.oireachtas.ie/akn/ie/debateRecord/dail/2020-06-23/debate/main,https://data.oireachtas.ie/akn/ie/debateRecord/dail/2020-06-23/debate/mul@/main.xml
2020-06-18,dail,debate,https://data.oireachtas.ie/akn/ie/debateRecord/special_committee_on_covid_19_response/2020-06-18/debate/main,https://data.oireachtas.ie/akn/ie/debateRecord/special_committee_on_covid_19_response/2020-06-18/debate/mul@/main.xml
2020-06-17,dail,debate,https://data.oireachtas.ie/akn/ie/debateRecord/dail/2020-06-17/debate/main,https://data.oireachtas.ie/akn/ie/debateRecord/dail/2020-06-17/debate/mul@/main.xml
2020-06-16,dail,debate,https://data.oireachtas.ie/akn/ie/debateRecord/special_committee_on_covid_19_response/2020-06-16/debate/main,https://data.oireachtas.ie/akn/ie/debateRecord/special_committee_on_covid_19_response/2020-06-16/debate/mul@/main.xml
2020-06-16,dail,debate,https://data.oireachtas.ie/akn/ie/debateRecord/dail/2020-06-16/debate/main,https://data.oireachtas.ie/akn/ie/debateRecord/dail/2020-06-16/debate/mul@/main.xml
2020-06-11,dail,debate,https://data.oireachtas.ie/akn/ie/debateRecord/special_committee_on_covid_19_response/2020-06-11/debate/main,https://data.oireachtas.ie/akn/ie/debateRecord/special_committee_on_covid_19_response/2020-06-11/debate/mul@/main.xml
2020-06-11,dail,debate,https://data.oireachtas.ie/akn/ie/debateRecord/dail/2020-06-11/debate/main,https://data.oireachtas.ie/akn/ie/debateRecord/dail/2020-06-11/debate/mul@/main.xml
2020-06-10,dail,debate,https://data.oireachtas.ie/akn/ie/debateRecord/dail/2020-06-10/debate/main,https://data.oireachtas.ie/akn/ie/debateRecord/dail/2020-06-10/debate/mul@/main.xml
2020-06-09,dail,debate,https://data.oireachtas.ie/akn/ie/debateRecord/special_committee_on_covid_19_response/2020-06-09/debate/main,https://data.oireachtas.ie/akn/ie/debateRecord/special_committee_on_covid_19_response/2020-06-09/debate/mul@/main.xml
2020-06-09,dail,debate,https://data.oireachtas.ie/akn/ie/debateRecord/dail/2020-06-09/debate/main,https://data.oireachtas.ie/akn/ie/debateRecord/dail/2020-06-09/debate/mul@/main.xml
2020-06-04,dail,debate,https://data.oireachtas.ie/akn/ie/debateRecord/dail/2020-06-04/debate/main,https://data.oireachtas.ie/akn/ie/debateRecord/dail/2020-06-04/debate/mul@/main.xml
2020-06-03,dail,debate,https://data.oireachtas.ie/akn/ie/debateRecord/dail/2020-06-03/debate/main,https://data.oireachtas.ie/akn/ie/debateRecord/dail/2020-06-03/debate/mul@/main.xml
2020-06-02,dail,debate,https://data.oireachtas.ie/akn/ie/debateRecord/special_committee_on_covid_19_response/2020-06-02/debate/main,https://data.oireachtas.ie/akn/ie/debateRecord/special_committee_on_covid_19_response/2020-06-02/debate/mul@/main.xml
2020-05-28,dail,debate,https://data.oireachtas.ie/akn/ie/debateRecord/dail/2020-05-28/debate/main,https://data.oireachtas.ie/akn/ie/debateRecord/dail/2020-05-28/debate/mul@/main.xml
2020-05-27,dail,debate,https://data.oireachtas.ie/akn/ie/debateRecord/dail/2020-05-27/debate/main,https://data.oireachtas.ie/akn/ie/debateRecord/dail/2020-05-27/debate/mul@/main.xml
2020-05-26,dail,debate,https://data.oireachtas.ie/akn/ie/debateRecord/special_committee_on_covid_19_response/2020-05-26/debate/main,https://data.oireachtas.ie/akn/ie/debateRecord/special_committee_on_covid_19_response/2020-05-26/debate/mul@/main.xml
2020-05-21,dail,debate,https://data.oireachtas.ie/akn/ie/debateRecord/dail/2020-05-21/debate/main,https://data.oireachtas.ie/akn/ie/debateRecord/dail/2020-05-21/debate/mul@/main.xml
2020-05-20,dail,debate,https://data.oireachtas.ie/akn/ie/debateRecord/dail/2020-05-20/debate/main,https://data.oireachtas.ie/akn/ie/debateRecord/dail/2020-05-20/debate/mul@/main.xml
2020-05-19,dail,debate,https://data.oireachtas.ie/akn/ie/debateRecord/special_committee_on_covid_19_response/2020-05-19/debate/main,https://data.oireachtas.ie/akn/ie/debateRecord/special_committee_on_covid_19_response/2020-05-19/debate/mul@/main.xml
2020-05-14,dail,debate,https://data.oireachtas.ie/akn/ie/debateRecord/dail/2020-05-14/debate/main,https://data.oireachtas.ie/akn/ie/debateRecord/dail/2020-05-14/debate/mul@/main.xml
2020-05-13,dail,debate,https://data.oireachtas.ie/akn/ie/debateRecord/dail/2020-05-13/debate/main,https://data.oireachtas.ie/akn/ie/debateRecord/dail/2020-05-13/debate/mul@/main.xml
2020-05-12,dail,debate,https://data.oireachtas.ie/akn/ie/debateRecord/special_committee_on_covid_19_response/2020-05-12/debate/main,https://data.oireachtas.ie/akn/ie/debateRecord/special_committee_on_covid_19_response/2020-05-12/debate/mul@/main.xml
2020-05-07,dail,debate,https://data.oireachtas.ie/akn/ie/debateRecord/dail/2020-05-07/debate/main,https://data.oireachtas.ie/akn/ie/debateRecord/dail/2020-05-07/debate/mul@/main.xml
2020-05-06,dail,debate,https://data.oireachtas.ie/akn/ie/debateRecord/dail/2020-05-06/debate/main,https://data.oireachtas.ie/akn/ie/debateRecord/dail/2020-05-06/debate/mul@/main.xml
2020-04-30,dail,debate,https://data.oireachtas.ie/akn/ie/debateRecord/dail/2020-04-30/debate/main,https://data.oireachtas.ie/akn/ie/debateRecord/dail/2020-04-30/debate/mul@/main.xml
2020-04-23,dail,debate,https://data.oireachtas.ie/akn/ie/debateRecord/dail/2020-04-23/debate/main,https://data.oireachtas.ie/akn/ie/debateRecord/dail/2020-04-23/debate/mul@/main.xml
2020-04-16,dail,debate,https://data.oireachtas.ie/akn/ie/debateRecord/dail/2020-04-16/debate/main,https://data.oireachtas.ie/akn/ie/debateRecord/dail/2020-04-16/debate/mul@/main.xml
2020-04-02,dail,debate,https://data.oireachtas.ie/akn/ie/debateRecord/dail/2020-04-02/debate/main,https://data.oireachtas.ie/akn/ie/debateRecord/dail/2020-04-02/debate/mul@/main.xml
2020-03-27,seanad,debate,https://data.oireachtas.ie/akn/ie/debateRecord/seanad/2020-03-27/debate/main,https://data.oireachtas.ie/akn/ie/debateRecord/seanad/2020-03-27/debate/mul@/main.xml
2020-03-26,dail,debate,https://data.oireachtas.ie/akn/ie/debateRecord/dail/2020-03-26/debate/main,https://data.oireachtas.ie/akn/ie/debateRecord/dail/2020-03-26/debate/mul@/main.xml
2020-03-20,seanad,debate,https://data.oireachtas.ie/akn/ie/debateRecord/seanad/2020-03-20/debate/main,https://data.oireachtas.ie/akn/ie/debateRecord/seanad/2020-03-20/debate/mul@/main.xml
2020-03-19,dail,debate,https://data.oireachtas.ie/akn/ie/debateRecord/dail/2020-03-19/debate/main,https://data.oireachtas.ie/akn/ie/debateRecord/dail/2020-03-19/debate/mul@/main.xml
2020-03-05,dail,debate,https://data.oireachtas.ie/akn/ie/debateRecord/dail/2020-03-05/debate/main,https://data.oireachtas.ie/akn/ie/debateRecord/dail/2020-03-05/debate/mul@/main.xml
2020-02-20,dail,debate,https://data.oireachtas.ie/akn/ie/debateRecord/dail/2020-02-20/debate/main,https://data.oireachtas.ie/akn/ie/debateRecord/dail/2020-02-20/debate/mul@/main.xml
2020-01-21,seanad,debate,https://data.oireachtas.ie/akn/ie/debateRecord/seanad/2020-01-21/debate/main,https://data.oireachtas.ie/akn/ie/debateRecord/seanad/2020-01-21/debate/mul@/main.xml
