speaker_norm,in_government,date,speech_idx,Managerial,Exploratory,parlasent_sentiment_sent,survivor_similarity_sent
maureen o'sullivan,1,2016-12-14,0,0.228296960811523,0.524685844458636,1.2292675375938416,0.3209478
katherine zappone,1,2016-12-14,0,0.536071329129391,0.272966660510239,2.280545783042908,0.25372666
maureen o'sullivan,1,2016-12-14,1,0.416187504035624,0.420748111901484,2.2145367910464606,0.46392956
victor boyhan,1,2016-11-16,0,0.524994859089795,0.381142171699576,2.5304681086226513,0.3427394
thomas pringle,1,2016-11-03,0,0.170166208747852,0.788449573808812,1.0274339936235373,0.3235339
katherine zappone,1,2016-10-05,0,0.807050313128605,0.168096215024703,3.672973494089785,0.22549078
katherine zappone,1,2016-07-21,0,0.695194060516508,0.0627199932596655,2.8957881331443787,0.22418651
katherine zappone,1,2016-06-29,0,0.828443438294277,0.0798960664081786,2.405414426013043,0.1519323
anne rabbitte,0,2016-06-29,0,0.491095047566541,0.241482167166704,3.209055852890015,0.40669745
katherine zappone,1,2016-06-29,1,0.692956084199849,0.171576709064976,3.4036181923002005,0.30767828
fiona o'loughlin,0,2016-05-18,0,0.072785063977662,0.688262018775525,2.775738259866124,0.2923131
robert troy,0,2016-05-17,0,0.146489571644421,0.665729305764571,1.96849249594725,0.34170443
maureen o'sullivan,0,2016-02-02,0,0.122345380231735,0.85185149087104,0.9632614194170424,0.48578775
robert troy,0,2016-01-13,0,0.408949439545908,0.395925617183859,2.757758489251137,0.18644726
ronan mullen,0,2020-12-11,0,0.174781334397864,0.741873713905656,2.335296828299761,0.33772588
micheal martin,1,2020-12-08,0,0.75676635896915,0.154545677339447,1.827480650610394,0.34827513
thomas pringle,0,2020-12-03,0,0.238901893056624,0.162304962043826,1.9953827261924744,0.24499673
sean o fearghail,1,2020-12-02,0,0.954475998005304,0.0311378912700981,2.5172430276870728,0.23261024
catherine connolly,0,2020-12-01,0,0.0816207884683074,0.458925149199093,2.3035101652145387,0.17974234
sean o fearghail,1,2020-12-01,0,0.98772689937117,0.0067391184697079,2.347972631454468,0.18983757
catherine connolly,0,2020-11-19,0,0.109630447358833,0.366096040383953,1.4220373407006264,0.256116
victor boyhan,0,2020-11-18,0,0.523578368072547,0.33860087687356,2.7670877459256547,0.45054626
micheal martin,1,2020-11-17,0,0.178761843245121,0.243985673058161,2.718509867110036,0.39803863
catherine connolly,0,2020-11-12,0,0.135095860179133,0.826315599695496,2.0378979394833245,0.3739125
jennifer murnane o'connor,1,2020-11-11,0,0.200758981801049,0.282602023700231,1.7369003961483638,0.40397602
micheal martin,1,2020-11-11,0,0.223188189404532,0.199884125456462,3.147801915804545,0.11945577
fiona o'loughlin,1,2020-11-05,0,0.374897704574015,0.425556716954719,2.2614863632540954,0.38177657
micheal martin,1,2020-11-04,0,0.125826281007029,0.371771268856069,2.3659168360754848,0.30316016
micheal martin,1,2020-11-04,1,0.280360990326854,0.0601673213807384,3.3113345418657576,0.26260304
micheal martin,1,2020-11-04,2,0.0908894390875124,0.32019234579019,1.9528065154681336,0.45276898
lynn ruane,0,2020-11-03,0,0.253757111824427,0.535504326235342,2.0770142881030385,0.2151924
sean o fearghail,1,2020-11-03,0,0.296581268042066,0.448416413861044,2.8541502729058266,0.3295697
micheal martin,1,2020-11-03,0,0.144800201383197,0.348528211315465,3.0907784832848444,0.28131813
stephen donnelly,1,2020-11-03,0,0.247776369836784,0.459225514138615,2.7043338738381864,0.2246562
victor boyhan,0,2020-10-23,0,0.621506369397433,0.32491815798428,2.230782689036507,0.30982667
ivana bacik,0,2020-10-23,0,0.360316027735171,0.25504927330431,2.398232593680873,0.37772873
frances black,0,2020-10-23,0,0.192940998582849,0.546931995993153,1.6110452244368691,0.5005609
catherine connolly,0,2020-10-23,0,0.0287451208678136,0.876498845167114,1.6178600273198551,0.53908014
michael collins,0,2020-10-23,0,0.235730359353887,0.706668114573781,1.5351585997389507,0.3301246
jennifer murnane o'connor,1,2020-10-23,0,0.178395089914218,0.675512064377457,1.9582151012771107,0.37615544
sean o fearghail,1,2020-10-23,0,0.862544474088097,0.0311456847697601,3.6144824028015137,0.101675764
victor boyhan,0,2020-10-22,0,0.588493702813797,0.361230772899107,2.532035452127457,0.38420472
victor boyhan,0,2020-10-22,1,0.840859845679069,0.0333856981571706,3.0188640356063843,0.23241818
catherine connolly,0,2020-10-22,0,0.0210084291576938,0.511398507435033,1.5742065877646438,0.40557602
thomas pringle,0,2020-10-22,0,0.147656483147682,0.416802176860764,1.2833623239262535,0.34688056
catherine connolly,0,2020-10-22,1,0.02946470077725,0.601904991814053,1.6597213057588929,0.47737116
sean canney,0,2020-10-21,0,0.275825097357514,0.457659109280677,2.020344637188257,0.38823098
michael collins,0,2020-10-21,0,0.0714977780308437,0.505841925070481,1.49328343138883,0.39206934
catherine connolly,0,2020-10-21,0,0.0663071034207657,0.542905601538647,1.5920372409827035,0.46534228
thomas pringle,0,2020-10-21,0,0.158941736537867,0.240412201505234,1.4933714563476628,0.37724066
jim o'callaghan,1,2020-10-21,0,0.168184308641217,0.187808796185788,2.2474997911715144,0.3951505
mattie mcgrath,0,2020-10-20,0,0.490776264219085,0.423634906942831,0.9830985441803932,0.18483774
mattie mcgrath,0,2020-10-20,1,0.309037193896209,0.490587293667084,0.7818726717183987,0.290308
sean canney,0,2020-10-20,0,0.313475363277683,0.525567804681955,1.438852984458208,0.3206339
victor boyhan,0,2020-10-16,0,0.795584778474561,0.151803394987932,2.873598530143499,0.33962226
alice-mary higgins,0,2020-10-16,0,0.0176874832844725,0.198052558317185,2.440453546946166,0.30492824
victor boyhan,0,2020-10-16,1,0.397458863704679,0.5112680411481,2.241868215916532,0.7176485
ronan mullen,0,2020-10-16,0,0.0605624856229715,0.357134996281208,2.064182631139244,0.34476277
lynn ruane,0,2020-10-16,0,0.0407843501987431,0.134920100531479,2.03519886566533,0.27313423
alice-mary higgins,0,2020-10-16,1,0.0454077324192311,0.601830085144528,2.4601155495643616,0.3182395
ivana bacik,0,2020-10-16,0,0.177056489645944,0.381580052177451,2.056431487775766,0.36798102
alice-mary higgins,0,2020-10-16,2,0.0943594485468418,0.316942502477449,1.9364819580624844,0.31956363
lynn ruane,0,2020-10-16,1,0.0967158219500394,0.247737245118892,1.6544393275521303,0.29539335
gerard p. craughwell,0,2020-10-16,0,0.19821127193833,0.685599611269129,0.4665558033933242,0.42956915
lynn ruane,0,2020-10-16,2,0.434187702629068,0.260668012501872,2.5992738405863443,0.26751044
alice-mary higgins,0,2020-10-16,3,0.160380349655648,0.576600869494934,1.677004955354191,0.3196867
alice-mary higgins,0,2020-10-16,4,0.262423299736913,0.425365035965808,2.6134847873135616,0.30008245
alice-mary higgins,0,2020-10-16,5,0.282255546481491,0.412390160323782,2.736511794726054,0.26393285
ivana bacik,0,2020-10-16,1,0.43267350145984,0.174970172678986,3.44094831602914,0.20279287
alice-mary higgins,0,2020-10-16,6,0.441864793820341,0.318732941558125,3.177200542555915,0.2863777
alice-mary higgins,0,2020-10-16,7,0.683789715116536,0.203754067227196,3.261944580078125,0.22980079
ivana bacik,0,2020-10-14,0,0.257718134641936,0.304888885822614,1.7530236195486326,0.42500246
lynn ruane,0,2020-10-14,0,0.226945044227101,0.131247581911625,1.507722804213271,0.38845986
fiona o'loughlin,1,2020-10-14,0,0.311112684066788,0.209811188137633,2.3226083408508984,0.41451728
victor boyhan,0,2020-10-14,0,0.397369669929715,0.513513724519742,2.6094020242110276,0.56959784
david p.b. norris,0,2020-10-14,0,0.0452727109224729,0.192768165230163,1.9451673784189751,0.35927638
micheal martin,1,2020-10-14,0,0.0792872992703015,0.0865358431742069,2.5257753992080687,0.34770584
sean canney,0,2020-09-08,0,0.413951829380913,0.261981265086485,2.7067726850509644,0.3246146
catherine connolly,1,2020-05-20,0,0.170798314158952,0.301864598207527,1.8487523272633553,0.3423164
catherine connolly,1,2020-05-06,0,0.416720457659427,0.367237646815669,3.810503708819548,0.43250072
catherine connolly,1,2020-05-06,1,0.129453813677053,0.677654897366837,2.1877329364418983,0.5383705
kathleen lynch,0,2010-11-25,0,0.19297959351067,0.682039119590695,1.9420868966947584,0.36300868
catherine connolly,1,2017-12-13,0,0.328331813575489,0.153758652540594,1.9976287223398683,0.25460285
katherine zappone,1,2017-12-12,0,0.50596108879378,0.0586810423554487,3.4770494773983955,0.23828888
victor boyhan,1,2017-12-06,0,0.192764973930727,0.595027282036455,1.9867732498794797,0.42981988
lynn ruane,1,2017-11-15,0,0.0869862472808789,0.553993870234416,1.530452113794653,0.49295643
victor boyhan,1,2017-10-24,0,0.595564557005766,0.195913057577402,3.02104725963191,0.25441006
katherine zappone,1,2017-06-01,0,0.707842999938235,0.100564821673725,3.2750473948461667,0.3507521
anne rabbitte,0,2017-06-01,0,0.654490630708947,0.209779161966713,4.10430287859506,0.35422295
fiona o'loughlin,0,2017-06-01,0,0.444344631091429,0.443489407062742,3.262286717477052,0.33023313
catherine connolly,1,2017-06-01,0,0.192265054849102,0.4732615504986,1.7769207793978914,0.50489724
maureen o'sullivan,1,2017-06-01,0,0.278655057358031,0.666038847515835,2.4712047906536045,0.47865722
katherine zappone,1,2017-06-01,1,0.387315243094004,0.450920916202172,3.1474606011922543,0.37365788
david p.b. norris,1,2017-05-17,0,0.0731519208223874,0.410721764743178,1.9217638337612153,0.46983927
katherine zappone,1,2017-05-17,0,0.39307458757317,0.469516632941715,3.3838234736963555,0.30050883
katherine zappone,1,2017-05-17,1,0.571463275848495,0.0667417619908437,2.804265204267424,0.31292084
jennifer murnane o'connor,0,2017-05-17,0,0.368511159094164,0.415003892552412,2.3680009569336726,0.5096201
victor boyhan,1,2017-05-17,0,0.291519560889602,0.630388609229488,1.7826312021567272,0.5980837
alice-mary higgins,1,2017-05-17,0,0.325067271001907,0.542985417330093,1.72896605000851,0.43090743
ivana bacik,0,2017-05-17,0,0.34960199415925,0.450912755912575,2.3133007439248487,0.3941309
ivana bacik,0,2017-05-17,1,0.104459871602298,0.656439284843184,1.985565917359458,0.46804178
frances black,1,2017-05-17,0,0.264811410598143,0.502767346138486,1.9119973761193896,0.4402724
katherine zappone,1,2017-05-17,2,0.392292361015622,0.29091340862164,2.4654724237819514,0.3998938
frances black,1,2017-05-16,0,0.168352587887747,0.797435006937629,1.9500540907252324,0.31911546
catherine connolly,1,2017-04-13,0,0.128471409715057,0.753350788900552,1.7878514238529737,0.4060705
catherine connolly,1,2017-04-13,1,0.24399298626908,0.614435725546932,1.4223165214061737,0.5207541
catherine connolly,1,2017-04-13,2,0.266976608229795,0.357657948582867,2.108272691567739,0.44452533
catherine connolly,1,2017-04-13,3,0.257479485339273,0.321103624890967,1.9615505933761597,0.44207674
catherine connolly,1,2017-04-13,4,0.190160422661671,0.681881009593222,1.7597363591194153,0.3908175
catherine connolly,1,2017-04-13,5,0.132827768461819,0.706375398355123,0.8152031706912177,0.43153897
catherine connolly,1,2017-04-13,6,0.36815696608636,0.349555947688555,2.679207682609558,0.23974788
catherine connolly,1,2017-04-13,7,0.193806955392277,0.608027063290695,1.5218929316509853,0.42052448
aodhan o riordain,0,2017-04-12,0,0.446135755504382,0.526760183137269,2.692389304637909,0.23639488
ronan mullen,1,2017-04-12,0,0.259965703489476,0.670098677137488,0.9688248952229818,0.2900279
joan burton,0,2017-04-12,0,0.189943808235108,0.426728146253035,0.4282393040401595,0.29127407
joan burton,0,2017-04-12,1,0.230105911692488,0.564558003826064,0.0655954579512278,0.35215336
katherine zappone,1,2017-04-12,0,0.375222158779375,0.0747478644702847,2.5543165849521756,0.28125852
joan burton,0,2017-04-12,2,0.236021179341944,0.572729135654998,1.8460886795073748,0.4159807
katherine zappone,1,2017-04-12,1,0.280026345538668,0.549219522423838,2.4756732614416825,0.41187382
frances black,1,2017-04-11,0,0.0848176279621508,0.884374040976295,1.2162988646463917,0.2869684
sean o fearghail,0,2017-03-30,0,0.740011135140774,0.136133150878069,2.4595604737599692,0.25578934
mattie mcgrath,1,2017-03-29,0,0.197668030335671,0.785738625092605,1.6928762319865962,0.5318663
joan burton,0,2017-03-28,0,0.185076422681404,0.673830345366945,1.9549349801880973,0.19293784
katherine zappone,1,2017-03-28,0,0.745534690280587,0.0781516456986186,2.714995350688696,0.23527338
anne rabbitte,0,2017-03-28,0,0.303823779402924,0.308573844941431,1.6868586142857869,0.33890286
joan burton,0,2017-03-23,0,0.261067157948861,0.193614663532117,1.3449089867728097,0.25392875
mary butler,0,2017-03-22,0,0.478820127823063,0.355410731941495,1.9805761823164565,0.54640365
micheal martin,0,2017-03-22,0,0.0705294569741654,0.882366539782459,0.8704746749114107,0.3974128
katherine zappone,1,2017-03-21,0,0.639522976512008,0.24360995824041,2.9086272484407973,0.3613953
anne rabbitte,0,2017-03-21,0,0.60071427048973,0.30065088147451,2.5833419730534426,0.44308048
mary butler,0,2017-03-21,0,0.377695195527469,0.419329252097381,2.1267431693151595,0.5826641
fiona o'loughlin,0,2017-03-21,0,0.257716346658763,0.595721442352078,2.2460903227329254,0.40000424
catherine connolly,1,2017-03-21,0,0.127469978532359,0.683774979429073,1.3347891602785356,0.4776693
danny healy-rae,1,2017-03-21,0,0.297817088938874,0.607264088494306,2.013551703709014,0.5666554
sean canney,1,2017-03-21,0,0.698766625117792,0.162887327290138,2.532466442664949,0.40423942
katherine zappone,1,2017-03-09,0,0.44058210217259,0.495468181832739,2.5437469257641645,0.4527617
lynn ruane,1,2017-03-09,0,0.182661367636928,0.69365347997162,1.8137336245179176,0.6017879
jennifer murnane o'connor,0,2017-03-09,0,0.485641727360325,0.323944718405451,2.496537711809982,0.53759754
alice-mary higgins,1,2017-03-09,0,0.233830619158924,0.694202919496819,1.6708998363853125,0.46483016
victor boyhan,1,2017-03-09,0,0.663793990890721,0.316506053649702,3.3491626411092046,0.64859927
katherine zappone,1,2017-03-09,1,0.590473257153095,0.337777595269217,3.226159863000692,0.48056096
ivana bacik,0,2017-03-09,0,0.312091981348037,0.613154987634132,1.7853776281699538,0.4673768
finian mcgrath,1,2017-03-09,0,0.48152905816047,0.478971218017204,2.645850053437206,0.44886124
katherine zappone,1,2017-03-09,2,0.411005729574229,0.522538496316265,2.5130356147087047,0.45998704
anne rabbitte,0,2017-03-09,0,0.448358780628529,0.439255971283921,2.147782449949194,0.60410607
maureen o'sullivan,1,2017-03-09,0,0.441794156889551,0.449440940963874,2.1743848086334765,0.49463922
catherine connolly,1,2017-03-09,0,0.0788479863253753,0.804725130076635,1.8013758805713482,0.4972698
sean canney,1,2017-03-09,0,0.524903808331857,0.399010386910477,2.999646140469445,0.5213749
lisa chambers,0,2017-03-09,0,0.0946238194761256,0.851966754546792,0.686050595715642,0.51700175
lorraine clifford-lee,0,2017-03-08,0,0.261571061127116,0.614092214757088,1.299665908905722,0.50314546
mary butler,0,2017-03-08,0,0.164191673067659,0.773839289827097,1.8668213488161565,0.5965021
catherine connolly,1,2017-03-08,0,0.241629762444556,0.590406612534202,1.2419007943513305,0.4529709
michael mcgrath,0,2017-03-08,0,0.114678749426656,0.842659945210354,1.550429951293128,0.35859853
catherine ardagh,0,2017-03-07,0,0.55343318865469,0.352367938936282,2.704642878128932,0.42206448
frances black,1,2017-03-07,0,0.116884501344617,0.745560203626408,1.4784076809883118,0.47222868
ivana bacik,0,2017-03-07,0,0.312540492095664,0.4461779061552,1.8921800873109271,0.49113318
alice-mary higgins,1,2017-03-07,0,0.295506431659024,0.595929987186168,1.721946033090353,0.43103445
jennifer murnane o'connor,0,2017-03-07,0,0.700630080113969,0.206271547519166,1.7234711764114243,0.32444134
micheal martin,0,2017-03-07,0,0.186966039488211,0.742466246556267,1.116886607930064,0.41227025
joan burton,0,2017-03-07,0,0.321400306754333,0.601363891039892,1.067253996782443,0.4639151
catherine connolly,1,2017-03-07,0,0.0998208712955143,0.80610562194044,2.287165469593472,0.33726972
eamon o cuiv,0,2017-03-07,0,0.0814105949047624,0.573705015286627,1.630357776640677,0.4021239
alice-mary higgins,1,2017-02-14,0,0.109523679426083,0.693445750266672,1.4360065514014826,0.34205094
alice-mary higgins,1,2017-01-31,0,0.136974563710392,0.649573587028021,2.219446897506714,0.28918594
thomas pringle,0,2021-12-07,0,0.182337880642727,0.2414320362246,1.2772903069853785,0.17076528
gerard p. craughwell,0,2021-11-30,0,0.104308464371325,0.861172452028847,1.7356409662786652,0.6926739
ivana bacik,0,2021-11-25,0,0.478252892639287,0.403370664710612,2.5986958548116186,0.500965
jennifer murnane o'connor,1,2021-11-25,0,0.389137437588356,0.498932963650383,2.354773934294538,0.41454154
niamh smyth,1,2021-11-25,0,0.394340486561571,0.367893797688598,2.012102964733328,0.5119754
catherine connolly,0,2021-11-25,0,0.241310160814002,0.70795119434706,1.808847771676844,0.5047575
thomas pringle,0,2021-11-24,0,0.0828716933087457,0.822715977980386,1.6142646309976676,0.3399129
catherine connolly,0,2021-11-24,0,0.673356166377512,0.207059362159488,2.134150445461273,0.22111163
catherine ardagh,1,2021-11-23,0,0.495737455598945,0.417481675512617,2.2487499012301364,0.42514315
ivana bacik,0,2021-11-23,0,0.427321088903154,0.482722270913089,2.138154591619968,0.43718708
sean canney,0,2021-11-23,0,0.216595871860943,0.753857398625225,1.987808347197182,0.5735852
danny healy-rae,0,2021-11-23,0,0.157305131967716,0.700335796737242,1.4202933531938766,0.5140646
thomas pringle,0,2021-11-23,0,0.206503715990566,0.708060779312026,1.238119338966302,0.4129321
catherine connolly,0,2021-11-23,0,0.111314455448231,0.801729828412684,2.0023455776274206,0.43165284
anne rabbitte,1,2021-11-23,0,0.626883209031173,0.246612720437522,3.282314140827228,0.30432427
fiona o'loughlin,1,2021-11-18,0,0.475285595245435,0.229833967817169,3.931724657183108,0.27448183
lisa chambers,1,2021-11-17,0,0.732409656057265,0.247149366580226,2.864495903976036,0.36063716
catherine connolly,0,2021-11-17,0,0.122426035668848,0.777024555451825,1.9102705444152257,0.4065457
anne rabbitte,1,2021-11-16,0,0.371375383230188,0.0882091797388216,3.288635683782173,0.27256164
micheal martin,1,2021-11-16,0,0.646559988557632,0.302079402886178,3.1510459210561668,0.27057746
micheal martin,1,2021-11-16,1,0.584717438933817,0.140086786218472,3.938299655914306,0.26753536
micheal martin,1,2021-11-16,2,0.345470969175884,0.28104017013623,2.191119177473916,0.2930199
aodhan o riordain,0,2021-11-11,0,0.0872868971272775,0.764788117454774,0.9857551554167592,0.40972114
catherine connolly,0,2021-11-09,0,0.0964651338082191,0.680640286783417,1.5404053802291553,0.41101342
micheal martin,1,2021-11-09,0,0.26130983276938,0.512981051996804,3.3856495678424836,0.21247363
jennifer murnane o'connor,1,2021-10-07,0,0.320620946407295,0.201524709757058,2.7988383173942566,0.31119114
jennifer murnane o'connor,1,2021-10-07,1,0.641120583153449,0.214697700793328,4.092308923602104,0.35029846
sean o fearghail,1,2021-09-29,0,0.414720518199238,0.414517487900507,1.439905945211649,0.2735196
catherine connolly,0,2021-09-16,0,0.203298343237017,0.785711968869849,1.7963177007494382,0.34877643
catherine connolly,0,2021-09-16,1,0.051342337227449,0.702291862474391,1.796648581902827,0.5233685
thomas pringle,0,2021-09-16,0,0.229415735293835,0.329558529684631,2.596401078537816,0.33597308
micheal martin,1,2021-09-15,0,0.263928556347785,0.0618969556319395,2.3781315883000693,0.3252604
micheal martin,1,2021-09-15,1,0.54443722448071,0.162924136119643,3.415262491575309,0.23977146
sean o fearghail,1,2021-07-13,0,0.675020521301074,0.167657549243926,3.704792605205016,0.3553448
catherine connolly,0,2021-07-07,0,0.0956187824491036,0.645582752609566,1.7791788180669148,0.22228676
alice-mary higgins,0,2021-07-05,0,0.127068296690839,0.830600048483065,1.9367391831345029,0.24850361
lorraine clifford-lee,1,2021-07-02,0,0.0731661671307773,0.750960613272164,2.4219133723527193,0.41640186
thomas pringle,0,2021-06-29,0,0.712838938228079,0.211894500806433,2.277257277595776,0.29201365
catherine connolly,0,2021-06-23,0,0.0730618405163219,0.895564676682253,1.9627761479753711,0.47986066
micheal martin,1,2021-06-16,0,0.246507765364184,0.178784576881351,2.285385429859162,0.17963278
sean o fearghail,1,2021-06-15,0,0.779134432669456,0.0843081636192342,2.580666737258434,0.34036416
jennifer murnane o'connor,1,2021-06-15,0,0.409611925665703,0.400141973906247,2.480347948148846,0.4609744
micheal martin,1,2021-06-15,0,0.134453503938731,0.111483360660999,2.550803403059642,0.12527958
fiona o'loughlin,1,2021-06-14,0,0.290415705620601,0.403640837709724,2.090574074408104,0.3332629
alice-mary higgins,0,2021-06-14,0,0.292578768343236,0.678461060256815,1.9234481737017632,0.3360789
frances black,0,2021-06-14,0,0.377519309893885,0.579398926632955,2.0144560718626687,0.37969294
thomas pringle,0,2021-05-27,0,0.559240005729354,0.320768207553565,2.304177403450012,0.218045
thomas pringle,0,2021-05-27,1,0.499950719068693,0.375595185976087,3.589918454488118,0.31477803
jennifer murnane o'connor,1,2021-05-18,0,0.401407699845131,0.480607537861028,2.4212890416383743,0.415381
sean o fearghail,1,2021-05-18,0,0.43595417161625,0.417308889997184,3.9301463535853793,0.32892653
micheal martin,1,2021-04-27,0,0.243204247668088,0.305665262944895,2.1530643939971923,0.41076887
sean o fearghail,1,2021-04-27,0,0.89085973559972,0.0611520649614235,2.8166264178174916,0.3207575
jennifer murnane o'connor,1,2021-04-27,0,0.398925275128836,0.318324677390185,2.5831696864749705,0.42468476
mattie mcgrath,0,2021-04-22,0,0.061953354388217,0.909756454376724,0.8951332286438521,0.4362327
thomas pringle,0,2021-04-21,0,0.703639269971213,0.146562586218059,2.995986541112264,0.24023265
micheal martin,1,2021-04-21,0,0.638551432761182,0.207883339618239,3.2735812664031982,0.19326313
sean o fearghail,1,2021-04-14,0,0.902226578947498,0.0647567137045746,2.8206459444666665,0.29856074
jennifer murnane o'connor,1,2021-04-14,0,0.345729204895083,0.228854110407952,3.049524264037609,0.41695476
sean o fearghail,1,2021-04-14,1,0.915199573290768,0.0537631656775981,2.8232611042481883,0.28280312
catherine connolly,0,2021-04-01,0,0.96653989334346,0.0168826507120926,2.361807346343994,0.22882867
thomas pringle,0,2021-03-31,0,0.162244339230961,0.645247183528585,1.6218736057098095,0.4393063
sean o fearghail,1,2021-03-25,0,0.971082612272942,0.0138533297164639,2.451457977294922,0.1980739
jennifer murnane o'connor,1,2021-03-23,0,0.59687386187432,0.316790400927848,2.866291818293658,0.31145853
ronan mullen,0,2021-03-12,0,0.21128880645378,0.698957459414456,2.364032823178503,0.42394394
danny healy-rae,0,2021-03-10,0,0.192099400341073,0.545650894296597,2.2437689374936256,0.57007647
michael collins,0,2021-03-10,0,0.0756314433078825,0.38112011778153,2.516353642834084,0.31653848
catherine connolly,0,2021-03-10,0,0.0850023000796511,0.6671783543714,1.915618801303208,0.4901482
thomas pringle,0,2021-03-10,0,0.243047849082446,0.168466204542026,3.5065544520815215,0.33439463
ivana bacik,0,2021-03-09,0,0.421715962106971,0.285919979138392,2.841091351211071,0.43126774
alice-mary higgins,0,2021-03-08,0,0.0446370702929406,0.877733935970855,1.440521532545487,0.4627654
catherine ardagh,1,2021-03-08,0,0.469552793029185,0.30104515248201,2.8072297610342503,0.32824346
ivana bacik,0,2021-03-05,0,0.205306411361011,0.211472111450555,2.947116789718469,0.41015345
anne rabbitte,1,2021-03-04,0,0.299492161597072,0.502123755732675,2.2767191926638284,0.38594675
jennifer murnane o'connor,1,2021-03-04,0,0.225088286240307,0.314536302928559,1.8790865221873243,0.32146233
micheal martin,1,2021-03-03,0,0.184093431626909,0.153504085380863,1.7910224919517834,0.38091463
fiona o'loughlin,1,2021-03-01,0,0.603625638462669,0.260404388535761,1.828856046497822,0.50457776
michael collins,0,2021-02-24,0,0.0893766106598595,0.508029609260531,1.224027784275157,0.33055964
anne rabbitte,1,2021-02-24,0,0.438977307765129,0.234408464057989,2.660013371370208,0.39783645
lorraine clifford-lee,1,2021-02-19,0,0.233556352035294,0.550676443515548,1.3944338339749935,0.4931928
frances black,0,2021-02-19,0,0.107852724429256,0.41361099805389,1.2528030604801397,0.4283758
victor boyhan,0,2021-02-19,0,0.282901384330504,0.24450137402805,4.135910193125407,0.49160737
sean o fearghail,1,2021-02-18,0,0.97595417777909,0.0101239657857275,2.4052298069000244,0.19851592
niamh smyth,1,2021-02-18,0,0.0602322330416797,0.252823636005341,1.3922728203675323,0.3703658
catherine connolly,0,2021-02-17,0,0.0194239296103813,0.838226526168051,1.6123077169060709,0.29103965
sean o fearghail,1,2021-02-16,0,0.742882437710219,0.074563231442818,2.9069972146641123,0.251708
jennifer murnane o'connor,1,2021-02-16,0,0.140579479975469,0.419709573592694,1.81855248641677,0.57399845
alice-mary higgins,0,2021-02-15,0,0.217879168476654,0.682696948109256,2.764485159202626,0.34666854
sean o fearghail,1,2021-02-11,0,0.958940925395808,0.0131701457341109,2.343532681465149,0.19971879
catherine connolly,0,2021-02-10,0,0.0492213511418822,0.224479798946598,0.92864414198058,0.3143747
catherine connolly,0,2021-02-04,0,0.378006183063959,0.489596021503522,2.183872096917846,0.40049276
catherine connolly,0,2021-02-04,1,0.960164097771003,0.0222137487111985,2.479268789291382,0.2147323
thomas pringle,0,2021-02-03,0,0.194248919011356,0.720482314315823,1.583879223962625,0.2352196
catherine connolly,0,2021-02-03,0,0.170624199153295,0.776225139627297,1.893601471401123,0.27695763
frances black,0,2021-02-01,0,0.341238114784143,0.317360867243535,0.7775593826340305,0.47260922
lynn ruane,0,2021-02-01,0,0.126041680698878,0.26359907634639,0.4288822211325168,0.30078036
sean o fearghail,1,2021-01-29,0,0.293794243120468,0.579922810119069,2.709245048463345,0.36700106
micheal martin,1,2021-01-27,0,0.368528211371284,0.406545241198262,1.97899386882782,0.335505
lisa chambers,1,2021-01-26,0,0.198249173607293,0.617520750414901,1.9006644513818525,0.5285774
catherine ardagh,1,2021-01-26,0,0.202250805832596,0.697601075228168,1.930983368307352,0.46946448
alice-mary higgins,0,2021-01-26,0,0.105791814732855,0.567749496394737,1.7443003318357198,0.38197762
gerard p. craughwell,0,2021-01-26,0,0.0775836947758084,0.864967098833035,1.2905270351005382,0.6342665
fiona o'loughlin,1,2021-01-26,0,0.149235882826669,0.697918514400637,1.6500434986380643,0.57522666
victor boyhan,0,2021-01-26,0,0.674546127560406,0.119261371129987,3.0960936546325684,0.34337717
aodhan o riordain,0,2021-01-21,0,0.131704495463527,0.838429152257117,0.5962772235274315,0.4271829
aodhan o riordain,0,2021-01-20,0,0.238342799511235,0.724011088470032,1.750524460338056,0.35196972
thomas pringle,0,2021-01-20,0,0.217347783353634,0.551149871349328,1.1444948226213456,0.23874098
mary butler,1,2021-01-20,0,0.115225776411787,0.735547716489667,1.7310462515605125,0.53585994
robert troy,1,2021-01-20,0,0.232791991316621,0.60824152741144,1.7886494210133186,0.5049705
jennifer murnane o'connor,1,2021-01-20,0,0.158260317627451,0.481711512684994,1.8245124346331547,0.5189411
jim o'callaghan,1,2021-01-20,0,0.0465349677059403,0.284460562087157,1.3853173500725202,0.4341569
catherine connolly,0,2021-01-20,0,0.0118946108084144,0.81476005744489,1.8221893109753728,0.49476296
anne rabbitte,1,2021-01-20,0,0.247913249509698,0.482632091704219,1.7762332912298695,0.6130265
fiona o'loughlin,1,2021-01-19,0,0.470546436192828,0.40625379224624,2.5256978700558346,0.3662246
victor boyhan,0,2021-01-19,0,0.357965598976509,0.57559638134505,3.055938138381431,0.39652002
frances black,0,2021-01-19,0,0.215696745958716,0.463783331013522,2.5314960587355824,0.4002204
ivana bacik,0,2021-01-19,0,0.649728036853948,0.200104488921655,4.573371670462868,0.26428854
victor boyhan,0,2021-01-19,1,0.377039829068965,0.537531346250992,2.3290513573145426,0.67959785
ivana bacik,0,2021-01-19,1,0.090351008183936,0.679333484784876,1.3896700565316034,0.56341577
lynn ruane,0,2021-01-19,0,0.0603449985720158,0.726400480795281,1.1875882243186655,0.53962475
ronan mullen,0,2021-01-19,0,0.117523338542085,0.775334039007689,1.955147082487551,0.55757034
micheal martin,1,2021-01-13,0,0.114123923731823,0.60858366581116,1.867803794755177,0.4578417
thomas pringle,0,2021-01-13,0,0.0545443579500147,0.312898448376882,0.3547416403889656,0.27043834
micheal martin,1,2021-01-13,1,0.221777476626652,0.610085586539576,1.4372224260089743,0.5501579
sean canney,0,2021-01-13,0,0.367042976611807,0.410203583755429,2.5776267204256285,0.43693563
mattie mcgrath,0,2021-01-13,0,0.187001609014754,0.715113602908698,1.9050026226323096,0.52484775
danny healy-rae,0,2021-01-13,0,0.0753960170705174,0.847451195667363,1.0781043512017832,0.5684617
catherine connolly,0,2021-01-13,0,0.0214608900343418,0.875839071471926,1.5346217565238476,0.58009034
sean o fearghail,1,2021-01-13,0,0.430017260880191,0.136191013955321,3.415119012196859,0.37332785
robert troy,0,2014-12-09,0,0.560899018232017,0.332757017320236,2.894850514829159,0.29656914
robert troy,0,2014-12-09,1,0.54143543634944,0.306849944394032,1.9836236875165592,0.4253721
robert troy,0,2014-12-09,2,0.678897901677772,0.22350219556813,2.7151330212752023,0.24051477
maureen o'sullivan,0,2014-11-18,0,0.400373838461513,0.44985088430593,1.9377580881118777,0.23573759
robert troy,0,2014-11-13,0,0.348042648793952,0.527175427788994,1.2250890936170304,0.28475142
robert troy,0,2014-11-11,0,0.519299020786274,0.266662758613455,1.84351230909427,0.2927374
joan burton,1,2014-11-06,0,0.336757399580916,0.430892445895878,2.478511667251587,0.2996048
joan burton,1,2014-11-06,1,0.753220879644553,0.15900530121944,2.9509400129318237,0.07414485
joan burton,1,2014-10-09,0,0.525652317338583,0.301234538787478,2.928473562002182,0.23353267
joan burton,1,2014-09-25,0,0.305562453486543,0.423615061703439,2.6807777166366575,0.4640906
robert troy,0,2014-09-24,0,0.458207271257036,0.194234410899757,2.3800197773509555,0.2844016
joan burton,1,2014-09-18,0,0.559037113957555,0.330013975655938,3.036466950955598,0.36192942
robert troy,0,2014-07-17,0,0.642593352590526,0.219182284824134,2.12977026366606,0.2555282
ivana bacik,1,2014-07-17,0,0.623442355282172,0.310286277226968,3.206769960976782,0.2726311
joan burton,1,2014-07-17,0,0.62199797016264,0.172644382278613,3.043928393295833,0.4138627
joan burton,1,2014-07-17,1,0.98499026791361,0.0082296577795194,2.257816778288947,0.24632907
robert troy,0,2014-07-17,1,0.469582485007781,0.380652311939561,1.9341799486107352,0.43902555
maureen o'sullivan,0,2014-07-17,0,0.288193527220635,0.602388893535379,2.1839117955635574,0.4528836
robert troy,0,2014-07-01,0,0.538792958944531,0.0662365987095567,2.7288731733957925,0.21194258
robert troy,0,2014-07-01,1,0.574369637925368,0.283852628229167,2.7849768176674843,0.21386907
robert troy,0,2014-07-01,2,0.314644779965663,0.484015030532432,1.395629171282053,0.2902949
maureen o'sullivan,0,2014-07-01,0,0.393830386129266,0.364978524197237,1.925031304359436,0.2750399
maureen o'sullivan,0,2014-07-01,1,0.20645294432413,0.592546971719557,1.7553259059786797,0.43347254
maureen o'sullivan,0,2014-07-01,2,0.275928857631083,0.524175875197907,2.4332984685897827,0.33818176
robert troy,0,2014-07-01,3,0.208388990809028,0.503032756825513,3.2070092856884003,0.2022242
robert troy,0,2014-07-01,4,0.161254660913959,0.545765705221231,1.3262441953023274,0.353962
micheal martin,0,2014-07-01,0,0.275603504781767,0.662945049661218,1.6013059817692812,0.22026233
robert troy,0,2014-06-26,0,0.276985872067089,0.517038653564934,2.016265030503273,0.44964403
robert troy,0,2014-06-26,1,0.332285584917214,0.288752185948293,2.604141128063202,0.25444275
ivana bacik,1,2014-06-24,0,0.256259135820264,0.589406050679922,1.9312261781570583,0.38077748
ronan mullen,0,2014-06-24,0,0.241383973351415,0.643497086857351,2.400510089099407,0.3923074
aodhan o riordain,1,2014-06-19,0,0.155502394995526,0.793558845521322,1.7176863293756135,0.3912823
ivana bacik,1,2014-06-19,0,0.233006131839145,0.638107848107114,2.3627354601441426,0.42572212
micheal martin,0,2014-06-18,0,0.518920587638401,0.171459595010371,1.901714245478312,0.153815
joan burton,1,2014-06-18,0,0.243248158591624,0.552248032251959,1.7093835771083832,0.41217265
ivana bacik,1,2014-06-18,0,0.405397073939618,0.395420556313942,3.662605117349063,0.3745196
ivana bacik,1,2014-06-18,1,0.283765736940011,0.606307537685703,2.912086908060771,0.3778012
ivana bacik,1,2014-06-11,0,0.379323282089886,0.491847782467916,2.7717053095499673,0.29828352
finian mcgrath,0,2014-06-11,0,0.0904757755769476,0.84580530025702,1.4908015508400767,0.45323765
micheal martin,0,2014-06-10,0,0.283017924542943,0.596560250662749,1.2306761137313311,0.46267658
micheal martin,0,2014-06-10,1,0.753920978257054,0.0805832038209375,3.019271890322367,0.27852768
robert troy,0,2014-06-10,0,0.380390567427284,0.501947202340663,1.8761658868579951,0.5259254
maureen o'sullivan,0,2014-06-10,0,0.188885954926059,0.729818620434951,1.230084245594648,0.50249815
thomas pringle,0,2014-06-10,0,0.159324330348203,0.751552340208444,1.164074622290699,0.47461885
ivana bacik,1,2014-06-10,0,0.310998495741841,0.370828423694559,2.5171277725270818,0.4149589
ronan mullen,0,2014-06-10,0,0.531265454405202,0.376465446361456,1.730242198738067,0.25731248
katherine zappone,0,2014-06-10,0,0.303402206074747,0.647413325287785,2.8013064890452055,0.3181865
ivana bacik,1,2014-06-05,0,0.673528670585131,0.265957908336665,3.835199515024821,0.20206618
ivana bacik,1,2014-06-04,0,0.361379432655728,0.603557282312382,1.7308967066438574,0.35608768
alice-mary higgins,0,2022-12-14,0,0.604040619857269,0.333714404015876,1.2550022552410762,0.33153173
anne rabbitte,1,2022-12-14,0,0.87030298058297,0.0217963900912489,2.644315825568305,0.2684657
catherine connolly,0,2022-10-27,0,0.103472475560547,0.799844000343357,1.9075306795787104,0.6026292
sean canney,0,2022-10-19,0,0.318456887394632,0.604249792689311,2.681861643989881,0.5001478
catherine connolly,0,2022-10-19,0,0.0913637958050822,0.822193014754297,1.8669871708681416,0.4746155
anne rabbitte,1,2022-10-19,0,0.775196964088352,0.15767886546628,3.239602046387811,0.3114987
catherine connolly,0,2022-10-13,0,0.196753242950221,0.712096736616563,1.537279689418418,0.31817093
frances black,0,2022-10-07,0,0.175944726440818,0.799408356499344,2.4363352527221043,0.3808723
jennifer murnane o'connor,1,2022-10-04,0,0.339114878942539,0.595562890349504,2.6975972791833263,0.35452014
fiona o'loughlin,1,2022-09-21,0,0.857617724511142,0.0897400951762894,2.6733516365613625,0.42560053
victor boyhan,0,2022-09-21,0,0.861062325099967,0.124487239022091,3.018500838856228,0.575216
lynn ruane,0,2022-09-21,0,0.673577014643267,0.302393162693599,1.8969515344748895,0.3442307
jennifer murnane o'connor,1,2022-09-20,0,0.317825230223454,0.657235995196312,2.8409352204011333,0.47099775
micheal martin,1,2022-09-14,0,0.557291022287741,0.314892050708046,3.4699503400109033,0.33036318
micheal martin,1,2022-07-12,0,0.686876315309852,0.0439809253885252,3.302988746336528,0.3330495
ivana bacik,0,2022-07-12,0,0.313347123662383,0.442644615596272,2.48659747838974,0.300649
micheal martin,1,2022-07-12,1,0.780735468852817,0.159619769268933,3.0218379954176564,0.24803206
thomas pringle,0,2022-07-12,0,0.19709212683019,0.756232161883069,0.8063249550759792,0.18424012
sean canney,0,2022-07-12,0,0.300083984847536,0.668277400697812,1.7187071602431037,0.36296436
eamon o cuiv,1,2022-07-07,0,0.577305287934652,0.358647533210826,1.8270769204412187,0.2803266
michael mcgrath,1,2022-06-29,0,0.744123975008927,0.23495427384852,2.871643505059182,0.13812289
anne rabbitte,1,2022-06-28,0,0.688950790597439,0.139162325232505,3.462482433427464,0.2404066
micheal martin,1,2022-06-28,0,0.290435507656574,0.496184801834941,2.4147149527238474,0.41172475
victor boyhan,0,2022-06-23,0,0.510384866398157,0.412152730802476,2.715558036455983,0.5115602
jennifer murnane o'connor,1,2022-06-02,0,0.636079032704497,0.205155496688033,4.191144069035848,0.3390177
alice-mary higgins,0,2022-06-01,0,0.377456022388548,0.374877635631155,2.293855844399868,0.3986457
alice-mary higgins,0,2022-06-01,1,0.490417001338941,0.444501192753841,1.8813066587728613,0.3236757
lynn ruane,0,2022-05-24,0,0.316323266314347,0.514265050474712,1.6965155601501465,0.22351475
jennifer murnane o'connor,1,2022-05-24,0,0.505851649220079,0.421648170273052,2.811002215494712,0.4973043
alice-mary higgins,0,2022-05-24,0,0.0019570609382687,0.0052312801875073,2.6512584686279297,0.320207
alice-mary higgins,0,2022-05-24,1,0.235595216451503,0.543788105165514,1.810769612590472,0.3533044
alice-mary higgins,0,2022-05-18,0,0.0785869105109761,0.339582745194161,1.887795131052694,0.30521488
victor boyhan,0,2022-05-18,0,0.129932530382504,0.789520316009757,2.619187947802923,0.7732096
victor boyhan,0,2022-05-12,0,0.689267701049894,0.244761632500729,3.413231745362282,0.40144214
victor boyhan,0,2022-05-04,0,0.720684751537889,0.225793515772361,3.0867921182742486,0.34498113
lisa chambers,1,2022-05-04,0,0.574085544834574,0.36743942300968,2.7306089880876243,0.3201658
catherine connolly,0,2022-04-27,0,0.144860380789865,0.747991366675844,1.709464812227948,0.4243257
micheal martin,1,2022-03-29,0,0.910459313096427,0.0186397433209771,3.812870881774209,0.14210242
micheal martin,1,2022-03-29,1,0.60061544110878,0.158289729577742,3.2296288081190805,0.36264813
ivana bacik,0,2022-03-29,0,0.473419087285446,0.367996343326005,3.2225146114826204,0.329431
alice-mary higgins,0,2022-03-09,0,0.2612648850315,0.528033774916331,2.3728237728539265,0.39164305
micheal martin,1,2022-03-08,0,0.424396911062526,0.4437498139064,2.0486609836419425,0.35885763
jennifer murnane o'connor,1,2022-03-08,0,0.384876706707294,0.224360957842516,3.4179675721309404,0.33925152
catherine connolly,0,2022-03-03,0,0.209269245067612,0.703736655143397,2.2626956864627763,0.5058385
ivana bacik,0,2022-03-02,0,0.555560529402753,0.354267488474387,2.6899948160174074,0.43195426
jennifer murnane o'connor,1,2022-03-02,0,0.723227732744645,0.23832726233377,3.409361578715153,0.4803735
sean canney,0,2022-03-02,0,0.688021700081617,0.21520277972924,2.630197049277585,0.36492607
micheal martin,1,2022-02-09,0,0.422792728049171,0.300759101986229,3.4561691761016844,0.2669057
ivana bacik,0,2022-02-08,0,0.622054664991476,0.253289902660312,2.5795362032949924,0.24179044
jennifer murnane o'connor,1,2022-02-08,0,0.585572640268737,0.340335670985656,2.1327080837317873,0.34654015
micheal martin,1,2022-01-26,0,0.622838165587503,0.100230303248572,3.298073391119639,0.3331095
jennifer murnane o'connor,1,2022-01-26,0,0.265622985939247,0.448190654585328,2.5730482533574106,0.38443327
sean canney,0,2022-01-20,0,0.119370754033052,0.447868779933347,1.7617381264056478,0.39214873
catherine connolly,0,2022-01-20,0,0.057700318571964,0.700324853201997,2.023839178994514,0.5495962
thomas pringle,0,2022-01-20,0,0.13502742802334,0.425033390030243,1.449947399316264,0.3740427
ivana bacik,0,2022-01-19,0,0.248916821458121,0.364000874374819,2.1940768797482764,0.42890173
jennifer murnane o'connor,1,2022-01-19,0,0.232103366318879,0.317964079976121,2.6172811451833695,0.42048657
catherine connolly,0,2024-10-23,0,0.0694982142473505,0.66114158418938,2.172014964265483,0.37206143
catherine connolly,0,2024-10-23,1,0.0909797176773803,0.648059605425798,1.8115878351803485,0.38187635
catherine connolly,0,2024-10-17,0,0.0727803817730716,0.752511537551094,1.809081634250926,0.5194474
catherine connolly,0,2024-10-16,0,0.342437546715745,0.533089871021095,2.4417811036109924,0.38850772
catherine connolly,0,2024-10-15,0,0.957899574872662,0.0298725035246723,2.6635089686938693,0.25235665
ivana bacik,0,2024-10-02,0,0.145791773540916,0.812022786701986,1.166100695418815,0.29686683
catherine connolly,0,2024-10-02,0,0.123318975972526,0.858735366993272,1.9335363768041136,0.35810858
catherine connolly,0,2024-09-19,0,0.0980541758612493,0.878041656487398,1.7501607225699858,0.46833554
micheal martin,1,2024-07-04,0,0.343738288964519,0.393557811726688,1.8452854989015537,0.5389755
gerard p. craughwell,0,2024-06-13,0,0.120268514436619,0.819382979434916,1.8771531569826252,0.6368886
lynn ruane,0,2024-06-11,0,0.499410276311087,0.35339653649787,1.2684410039497458,0.34460825
alice-mary higgins,0,2024-05-08,0,0.259771047752739,0.71856746963887,1.5751092955470083,0.28831267
jennifer murnane o'connor,1,2024-05-01,0,0.367065257835377,0.557611447157667,1.9167323365807536,0.34556144
thomas pringle,0,2024-05-01,0,0.328181335324764,0.607843294271485,0.927577369660139,0.40269196
catherine connolly,0,2024-05-01,0,0.207464850414954,0.759900262072485,1.422519274554245,0.5531558
sean canney,0,2024-04-30,0,0.443116719694137,0.522732607116325,1.5756062085429827,0.40691578
catherine connolly,0,2024-04-30,0,0.0971708188017468,0.82136726398849,1.9593980126082895,0.3969662
catherine connolly,0,2024-04-30,1,0.0562537785107348,0.746382795686914,1.9871003115549684,0.32539803
catherine connolly,0,2024-04-23,0,0.0434909528998319,0.894131097661138,1.4025597827014875,0.57213175
niall collins,1,2024-03-21,0,0.827445506382664,0.0688439843761539,3.257989303423808,0.24398598
catherine connolly,0,2024-03-05,0,0.0892732034464184,0.5888857256079,1.563276067255966,0.5426593
lisa chambers,1,2024-02-27,0,0.682988187634311,0.293134316016022,3.034694925502494,0.30268636
catherine connolly,0,2024-02-08,0,0.160575544771942,0.736792416155301,1.1948972741762798,0.29308623
frances black,0,2024-01-30,0,0.200663314755078,0.761785079116516,1.3379078973084688,0.4230994
alice-mary higgins,0,2024-01-23,0,0.0274076614669421,0.961884622879319,2.166007319009122,0.3989647
alice-mary higgins,0,2024-01-23,1,0.0974073138509131,0.871718547101487,2.556636816575466,0.387586
gerard p. craughwell,0,2024-01-23,0,0.0789314483101533,0.893379097423228,1.8755265553156997,0.5314955
micheal martin,0,2019-11-20,0,0.366793771968803,0.596383669591016,2.8785689628937026,0.3415441
alice-mary higgins,1,2019-07-12,0,0.377399914874887,0.359799034151471,2.2709363200946857,0.39012942
anne rabbitte,0,2019-07-04,0,0.444378308905135,0.292782256762211,2.9291415214538574,0.21424964
maureen o'sullivan,1,2019-06-26,0,0.302297259173469,0.280303884727757,2.5222957407434783,0.40635687
maureen o'sullivan,1,2019-06-26,1,0.203153267138307,0.438037498928302,1.6206157290273242,0.33025426
lynn ruane,1,2019-06-19,0,0.20320854467996,0.485714986179212,1.9250327292829752,0.34046555
stephen donnelly,0,2019-06-19,0,0.174503152141216,0.546330526055789,1.1992573797831247,0.44651848
david p.b. norris,1,2019-06-12,0,0.241265387622042,0.198987754560953,2.361883848077721,0.39717734
ivana bacik,0,2019-06-12,0,0.307247294511921,0.324946630320161,2.7135379654355347,0.33844888
jim o'callaghan,0,2019-05-22,0,0.15954015090449,0.736364165097211,1.6783470883965492,0.42121282
katherine zappone,1,2019-05-15,0,0.592006082829515,0.0685379997937542,2.665879512385976,0.35957664
fiona o'loughlin,0,2019-05-15,0,0.422581667401741,0.193620274533385,2.5493602217598395,0.342314
catherine connolly,1,2019-05-15,0,0.100603609430277,0.745509706848901,1.6208501374132411,0.5555724
catherine connolly,1,2019-05-08,0,0.982309887198427,0.0099705476710132,2.144324541091919,0.22897159
katherine zappone,1,2019-05-08,0,0.432441787875815,0.287416437297003,2.584147674590349,0.21459949
katherine zappone,1,2019-05-08,1,0.104372143213691,0.26219277200632,1.56492764595896,0.44865823
ivana bacik,0,2019-04-18,0,0.309171452537581,0.395596143585728,2.644722794741392,0.25659198
ivana bacik,0,2019-04-17,0,0.525667599779418,0.247838815679406,1.5312791466712952,0.37854415
catherine connolly,1,2019-04-17,0,0.135790998251001,0.699731182769874,1.3574665664480283,0.42063072
katherine zappone,1,2019-03-28,0,0.211509084433415,0.521316321168318,3.1437452733516693,0.3567596
katherine zappone,1,2019-03-06,0,0.960166689853894,0.0184952591172897,4.021152433421877,0.21526575
katherine zappone,1,2019-03-06,1,0.256055070363364,0.298998598701031,2.2168073654174805,0.25142458
catherine connolly,1,2019-02-27,0,0.1181876222733,0.85890050759499,2.313857678572337,0.3129811
joan burton,0,2019-02-21,0,0.0832207103163835,0.547313868645746,1.778914050651448,0.51122606
maureen o'sullivan,1,2019-02-21,0,0.19989596348568,0.528034877544029,1.660981897637248,0.51551884
fiona o'loughlin,0,2019-02-21,0,0.391928327154879,0.31815406402329,2.303889215302964,0.43076414
katherine zappone,1,2019-02-13,0,0.663460762142386,0.0241984915839672,3.246286498175727,0.2659715
katherine zappone,1,2019-02-13,1,0.664330948510138,0.101867311368287,2.8110125823454424,0.25388974
katherine zappone,1,2019-02-07,0,0.486157984534739,0.0626371463405384,2.944878120237673,0.24417388
anne rabbitte,0,2019-02-07,0,0.339757427808031,0.466961780465897,1.9864796157663975,0.4917946
catherine connolly,1,2019-02-07,0,0.0922871269133136,0.521130325895626,1.445922441997154,0.51722145
katherine zappone,1,2019-02-06,0,0.537325391355338,0.0410356497942996,3.0167670312315917,0.23076114
alice-mary higgins,1,2019-02-06,0,0.346189101451639,0.461808501175097,1.6196626812378143,0.41989103
ronan mullen,1,2019-02-06,0,0.299786426294424,0.569015766722051,1.337042431898263,0.5034628
katherine zappone,1,2019-02-06,1,0.2797933828093,0.215108357396481,2.8005162979875293,0.34459254
katherine zappone,1,2019-02-06,2,0.335858968493968,0.272031934572249,3.046285016196115,0.21328203
mattie mcgrath,1,2019-02-05,0,0.976726338433514,0.0077324507528476,2.1482099975858415,0.23677558
victor boyhan,1,2019-01-22,0,0.443356039318055,0.421776942455229,2.2788968172210913,0.49169827
katherine zappone,1,2019-01-22,0,0.215436500193318,0.273095462849193,2.484383001923561,0.36190733
catherine connolly,1,2019-01-17,0,0.142382946086448,0.293493688079143,1.7907428171704798,0.3838645
katherine zappone,1,2019-01-17,0,0.519720829616916,0.0407853254653426,2.7397847484265054,0.2102122
sean o fearghail,0,2019-01-16,0,0.945691153619266,0.0197076719332535,2.358293890953064,0.17741725
catherine connolly,1,2019-01-16,0,0.0343472619932335,0.796711344295729,1.291082678845635,0.38662875
maureen o'sullivan,0,2012-09-25,0,0.158223396705094,0.716540034237036,1.476437023500117,0.6095588
robert troy,0,2015-05-28,0,0.298749684214731,0.668868725241359,2.280154254647994,0.29103076
maureen o'sullivan,0,2015-05-14,0,0.0799625968428298,0.886569095553177,0.9521726662149796,0.383413
maureen o'sullivan,0,2015-04-30,0,0.311680955567206,0.677052850207968,1.7677390199929182,0.29657322
ivana bacik,1,2015-04-15,0,0.433329952469792,0.539057604676117,2.957480521032623,0.28810942
aodhan o riordain,1,2015-02-24,0,0.679824113770862,0.23633047040997,2.598922810724212,0.25318098
robert troy,0,2015-02-19,0,0.532917203840294,0.385988258635437,1.9270783519993224,0.3374806
micheal martin,0,2015-02-18,0,0.349430236972472,0.480483388185255,1.0605396032333374,0.2645912
maureen o'sullivan,0,2015-02-17,0,0.411822689516919,0.506318964556084,1.653796362876892,0.46403694
robert troy,0,2015-01-29,0,0.0975750199352791,0.876067271015402,1.5907116760649989,0.38347518
maureen o'sullivan,0,2015-01-29,0,0.274967903033839,0.68498424148641,2.102126140192331,0.5319042
aodhan o riordain,1,2015-01-29,0,0.717079878814055,0.25446029299684,2.7423613644365608,0.24542402
ivana bacik,1,2015-01-28,0,0.609513859183338,0.26063736912853,2.884789868616141,0.25610775
niall collins,0,2015-01-28,0,0.466560793105277,0.513448201824598,1.4664254607815368,0.37741262
joan burton,1,2015-01-28,0,0.370930551890148,0.500672468834753,2.487454210181494,0.630311
david p.b. norris,0,2015-01-27,0,0.306330182334474,0.572052423715975,2.1221516054868697,0.48533148
aodhan o riordain,1,2015-01-22,0,0.260148334965911,0.720229846585362,2.0971851189588677,0.43745607
robert troy,0,2015-01-21,0,0.474716635686474,0.451791507249399,2.1313691050106405,0.48337027
maureen o'sullivan,0,2015-01-21,0,0.277559470226826,0.605525341712301,1.1070367412810975,0.4501513
maureen o'sullivan,0,2015-01-21,1,0.461503775671052,0.433097377605513,2.216431819700769,0.5012393
robert troy,0,2015-01-20,0,0.112095270306886,0.856666705984983,0.7355347341961331,0.3257216
sean canney,0,2023-12-14,0,0.434938525087774,0.462838411755546,2.7449965476989746,0.22427125
sean canney,0,2023-12-14,1,0.186166715682302,0.553308324840307,1.5970348030328751,0.38836342
sean canney,0,2023-12-14,2,0.133256532001413,0.748130304646697,1.141693032036225,0.36916614
jennifer murnane o'connor,1,2023-12-14,0,0.176368179050214,0.703979363880966,2.6577203803592258,0.24343109
catherine connolly,0,2023-12-14,0,0.0253987770412041,0.93862864294268,1.988536006395231,0.4122656
jennifer murnane o'connor,1,2023-12-13,0,0.258805619641675,0.570861880549363,2.798071437411838,0.29150784
catherine connolly,0,2023-11-29,0,0.954262151817562,0.0313646424564652,2.628050923347473,0.302381
eileen flynn,0,2023-11-15,0,0.142284785181204,0.836580777554659,1.1422445005426805,0.34309912
victor boyhan,0,2023-10-25,0,0.545315152709894,0.239569561924369,2.6460330096944684,0.38228178
jennifer murnane o'connor,1,2023-10-12,0,0.575577426443228,0.400379032188067,2.6398732346881713,0.35789034
aodhan o riordain,0,2023-07-12,0,0.133905400330716,0.385041658784796,2.025264558625286,0.32597083
eileen flynn,0,2023-07-11,0,0.19805041327235,0.776361248199869,2.6497470435240995,0.40035352
catherine connolly,0,2023-07-05,0,0.105217550456348,0.742363870315351,1.49181861304835,0.53063047
eileen flynn,0,2023-06-28,0,0.383967773969786,0.55511118127954,2.20937408041209,0.36432225
eileen flynn,0,2023-06-28,1,0.411867283393922,0.532004560225949,1.9641615515574813,0.45330718
frances black,0,2023-06-28,0,0.454813771862541,0.505200322590818,1.7307396652797855,0.21823516
lisa chambers,1,2023-06-21,0,0.786858479894868,0.188874772377348,2.864754753161783,0.3351071
victor boyhan,0,2023-06-21,0,0.581641830503335,0.385693310000319,2.786899855117435,0.31261054
lynn ruane,0,2023-06-21,0,0.476453983378002,0.470200986504548,1.6741200407946504,0.4113842
victor boyhan,0,2023-06-14,0,0.437165444621688,0.526102692650671,2.205987390471486,0.6122179
lynn ruane,0,2023-06-14,0,0.459478010904298,0.468179236864403,1.5594035128042811,0.48583013
lynn ruane,0,2023-06-14,1,0.431357557147112,0.437173935161973,2.034645710672651,0.39300555
lynn ruane,0,2023-06-14,2,0.386473491914714,0.523042536879493,1.628141708481006,0.58918214
lynn ruane,0,2023-06-14,3,0.220766608375131,0.60956895980609,1.5664414892402978,0.5914073
victor boyhan,0,2023-06-14,1,0.216204095839733,0.728148883873329,1.828709071201663,0.5593649
victor boyhan,0,2023-06-14,2,0.777727634936004,0.200240135767941,3.916175104104555,0.27914166
catherine connolly,0,2023-06-14,0,0.0374561844563664,0.632179517079575,1.6386477908492088,0.30999452
catherine connolly,0,2023-06-14,1,0.0969859016859512,0.697019542084103,1.3158334968611598,0.45936355
frances black,0,2023-05-30,0,0.536062608290428,0.436430464630744,1.5600674671657158,0.26913664
victor boyhan,0,2023-05-30,0,0.374479767093208,0.609447841025912,2.4841661210293355,0.4953505
alice-mary higgins,0,2023-05-24,0,0.649289650017081,0.316744237405883,1.586709550023079,0.43657097
alice-mary higgins,0,2023-05-24,1,0.734713439013644,0.249633988768966,1.9107933688494896,0.3819824
alice-mary higgins,0,2023-05-24,2,0.917380189948784,0.0545009488172664,2.7454802274703978,0.22074819
alice-mary higgins,0,2023-05-24,3,0.370069516214984,0.585957455180844,1.2709179189184616,0.38304397
frances black,0,2023-05-24,0,0.18460847000942,0.320122259587549,3.509539993703365,0.41872707
alice-mary higgins,0,2023-05-23,0,0.606318293874991,0.379921702351952,1.382062082514935,0.3788777
victor boyhan,0,2023-05-23,0,0.352615790399807,0.614596779247999,1.9498760085020743,0.53368914
alice-mary higgins,0,2023-05-23,1,0.52792904434988,0.461864755816517,1.721142035066372,0.33958745
ivana bacik,0,2023-05-17,0,0.183990421913322,0.393665745644229,1.784509590131716,0.3738163
alice-mary higgins,0,2023-05-16,0,0.625924179964059,0.314078168623703,1.720766046738371,0.40630928
alice-mary higgins,0,2023-05-16,1,0.135799873341698,0.815790909458768,1.4274272287175769,0.40420163
alice-mary higgins,0,2023-05-16,2,0.64360922099607,0.261248833102071,2.3098423288714502,0.337094
alice-mary higgins,0,2023-05-16,3,0.313452997992588,0.609688504432354,1.6851014350540936,0.33771276
frances black,0,2023-04-25,0,0.244820424973823,0.694152747198398,1.9616444330041607,0.35103923
alice-mary higgins,0,2023-04-19,0,0.300576862407217,0.626459686176298,1.5888729469083689,0.562168
gerard p. craughwell,0,2023-04-19,0,0.126849907970564,0.81172415460231,1.7692382236799369,0.73427165
lisa chambers,1,2023-04-18,0,0.606877651914807,0.327000108063118,2.8703696381832873,0.26102608
ivana bacik,0,2023-03-29,0,0.371118433715807,0.440745419910078,2.284042226150632,0.31326762
catherine connolly,0,2023-03-23,0,0.0583907197192096,0.733555904416809,2.5339306242325725,0.42203936
ivana bacik,0,2023-03-08,0,0.340088583540807,0.19600771843386,2.9092116186878196,0.30199778
catherine connolly,0,2023-03-08,0,0.159580632751188,0.382723561046386,1.7578160966245029,0.36406448
victor boyhan,0,2023-03-01,0,0.639589122953063,0.289461872318935,2.730600255727768,0.33120686
lisa chambers,1,2023-03-01,0,0.651569431823191,0.319998653424828,2.9056909730037055,0.29893595
victor boyhan,0,2023-02-28,0,0.68859246443885,0.262800384475671,2.3997311079502106,0.34165794
catherine connolly,0,2023-02-22,0,0.0928293990594506,0.760146860972372,1.165987253189087,0.4965335
catherine connolly,0,2023-02-22,1,0.0454957191345515,0.90118864465065,1.3701848142913409,0.3710092
danny healy-rae,0,2023-02-22,0,0.113968959488922,0.844001313752339,1.32328401280697,0.47334763
thomas pringle,0,2023-02-22,0,0.163856330226265,0.721372977517303,1.2032273763960055,0.44388896
sean o fearghail,1,2023-02-16,0,0.392981464200161,0.262039129912241,2.2810484170913696,0.29608306
catherine connolly,0,2023-02-16,0,0.91323821051737,0.0649448912259117,2.8234747648239136,0.24756238
catherine connolly,0,2023-02-15,0,0.95135771615699,0.0344541242214763,2.5287059048811593,0.2579616
catherine connolly,0,2023-02-14,0,0.960229030388215,0.0307700443506389,2.6009045839309692,0.15992707
victor boyhan,0,2023-02-02,0,0.751675044857062,0.199919330351836,3.5041697713044972,0.4061197
ivana bacik,0,2023-02-01,0,0.207585395003729,0.766382178342651,1.1885680666676277,0.29023948
ivana bacik,0,2023-02-01,1,0.132266751916202,0.776895061424848,1.1259236534436543,0.3399161
sean canney,0,2023-02-01,0,0.34599275948379,0.599608987697185,1.8608145077486296,0.4542642
mattie mcgrath,0,2023-02-01,0,0.18567907000189,0.782932892673434,1.132691182784344,0.4840339
catherine connolly,0,2023-02-01,0,0.165844687347216,0.786522041787467,1.6647381064792477,0.56916225
lisa chambers,1,2023-01-31,0,0.740493553678751,0.240469017942032,2.801418809127062,0.35988748
catherine connolly,1,2025-10-01,0,0.214645944719336,0.723658941338768,1.0915252349593425,0.38937747
jim o'callaghan,1,2025-10-01,0,0.651710648510448,0.318206138795402,2.0261005953602167,0.3875031
ronan mullen,1,2025-07-17,0,0.286434117610732,0.64836301342412,0.7254950278438628,0.39382333
ronan mullen,1,2025-07-16,0,0.14834521608575,0.820159326852485,2.147077778019966,0.3706674
catherine connolly,1,2025-07-15,0,0.0712853400927359,0.831760924368156,0.9698063676409862,0.59741664
ivana bacik,0,2025-07-09,0,0.249499229334278,0.654185276568188,2.030836838072744,0.41372648
victor boyhan,1,2025-07-01,0,0.502293054953027,0.407510828403425,2.4291142094484033,0.5508079
victor boyhan,1,2025-06-25,0,0.823725802721923,0.153592307313541,3.095763299526537,0.40531874
victor boyhan,1,2025-06-25,1,0.741559096550414,0.220500276015686,2.360700020644193,0.45038083
alice-mary higgins,1,2025-06-25,0,0.402301908457779,0.556480203609329,2.23491339453242,0.36892897
victor boyhan,1,2025-06-19,0,0.390708029628185,0.39944790619304,2.230930203924308,0.44736743
victor boyhan,1,2025-06-19,1,0.298533512916082,0.62261388528743,2.184996349307207,0.47255188
victor boyhan,1,2025-06-19,2,0.525365269494195,0.413171896558955,2.2382704175036885,0.4858002
gerard p. craughwell,1,2025-06-19,0,0.335273504726093,0.364618809919984,1.2566624730825424,0.35282016
alice-mary higgins,1,2025-06-19,0,0.502143283862952,0.46770383530803,1.3942818905537326,0.35368437
gerard p. craughwell,1,2025-06-19,1,0.410755670700876,0.528954165896286,0.9601397346705198,0.29404235
victor boyhan,1,2025-06-11,0,0.529929423755715,0.441739433312464,2.8552248002431257,0.5718175
eileen flynn,1,2025-06-11,0,0.39620164797332,0.506564539162706,2.3776039917921197,0.53324455
micheal martin,1,2025-06-10,0,0.703436140710648,0.198809429888336,3.62740421295166,0.13861808
catherine connolly,1,2025-05-28,0,0.361126770807122,0.607325855923162,1.698004001243548,0.41534847
catherine connolly,1,2025-05-28,1,0.104032444074432,0.852038870664229,1.6620724629730947,0.5636731
ivana bacik,0,2025-04-10,0,0.232529159176969,0.670068238329602,2.536837574433197,0.33080006
victor boyhan,1,2025-04-08,0,0.176332753152469,0.724614542687292,2.9397095143795013,0.32860184
ivana bacik,0,2025-04-08,0,0.114415105799567,0.800213327958684,1.4419957458972932,0.2254458
catherine connolly,1,2025-04-03,0,0.114131418720675,0.532116147780185,1.7681561807791393,0.4037771
micheal martin,1,2025-04-02,0,0.217997986330927,0.607546249299935,1.969148007423981,0.34092495
micheal martin,1,2025-04-02,1,0.301910937216923,0.523307488925834,2.4027973881789615,0.3244726
catherine connolly,1,2018-12-13,0,0.0495937093312588,0.2599867152701,1.3798026791773736,0.3800441
ronan mullen,1,2018-12-11,0,0.239684503160285,0.369659320253591,1.575988713465631,0.41621172
mattie mcgrath,1,2018-12-05,0,0.346499755923831,0.302397384269386,2.0664718246553093,0.41863865
maureen o'sullivan,1,2018-11-28,0,0.0152231580819404,0.947536731185278,1.4754068086870382,0.2992822
mattie mcgrath,1,2018-11-07,0,0.17732374211434,0.401341583668508,1.6670024267264776,0.40937328
katherine zappone,1,2018-11-07,0,0.866311887500872,0.0873766636539733,3.186021006769604,0.23284423
katherine zappone,1,2018-11-07,1,0.320793897761519,0.517360758294799,3.452571392059326,0.28186706
catherine connolly,1,2018-11-07,0,0.14538877132556,0.593760318088452,1.5805978964675556,0.39125744
catherine connolly,1,2018-10-25,0,0.218926509238608,0.70956492417139,2.164967910386622,0.51551384
katherine zappone,1,2018-10-25,0,0.887803331745545,0.0485488118146197,3.0956628922845275,0.26918784
anne rabbitte,0,2018-10-25,0,0.676149212071017,0.220232350325176,2.6858034592823707,0.40047443
catherine connolly,1,2018-10-25,1,0.215446216693123,0.659675085573489,1.9360215595612924,0.5530955
joan burton,0,2018-10-25,0,0.22464642007799,0.709574751132122,2.321257883896594,0.6198398
mattie mcgrath,1,2018-10-25,0,0.317054719227602,0.626446799248816,1.4010662325486845,0.55857605
victor boyhan,1,2018-10-24,0,0.821833623393094,0.14013801770771,4.1837423677029815,0.47565112
ivana bacik,0,2018-10-24,0,0.339191693070035,0.397242413681038,2.135361594458421,0.23791212
anne rabbitte,0,2018-10-24,0,0.338398951145904,0.533409975887632,2.0419979333877563,0.09256646
catherine connolly,1,2018-10-23,0,0.398402918860787,0.529301080289351,1.5889940822124482,0.37672156
michael collins,1,2018-10-18,0,0.141987632895025,0.331589891809789,1.978742640112576,0.3514393
joan burton,0,2018-10-18,0,0.149763270068199,0.541228476736613,2.322423173795624,0.5986677
lisa chambers,0,2018-10-17,0,0.138788600229921,0.204809048149164,2.0709391138308746,0.4487222
stephen donnelly,0,2018-10-04,0,0.225222225590069,0.168804572974697,3.010360432043671,0.287781
joan burton,0,2018-09-25,0,0.172562992935362,0.656847585522471,1.06772081553936,0.2895312
katherine zappone,1,2018-09-20,0,0.329076728343048,0.0441956004172677,2.8009815124365,0.25333753
anne rabbitte,0,2018-09-20,0,0.195051773448998,0.113026269231646,2.765681266784668,0.36545044
anne rabbitte,0,2018-09-20,1,0.323368993977679,0.216140380797623,2.9581788319807787,0.41214475
katherine zappone,1,2018-09-20,1,0.444551321954889,0.283978860984076,3.1787129243214927,0.19561687
katherine zappone,1,2018-09-20,2,0.419996816041865,0.337745541435836,1.811381448060274,0.37305355
anne rabbitte,0,2018-09-20,2,0.622999154592522,0.309050292161509,2.1267671550313634,0.29601315
katherine zappone,1,2018-09-20,3,0.360609824671847,0.50406413540081,2.422874540090561,0.4092403
micheal martin,0,2018-07-04,0,0.157033389812161,0.80517262663138,1.287616751004349,0.43439734
fiona o'loughlin,0,2018-07-04,0,0.0421674125112138,0.930908369075782,0.9147525489330292,0.44003066
joan burton,0,2018-06-27,0,0.132032704877954,0.791598498197694,2.3516747559371747,0.3290728
catherine connolly,1,2018-06-19,0,0.106075440596183,0.641701648906454,1.8626881989221724,0.4697825
katherine zappone,1,2018-06-14,0,0.265377430323768,0.19012051331488,2.077782278650521,0.44719854
joan burton,0,2018-06-14,0,0.0718563250793443,0.619718499112711,1.4516451167955733,0.54099345
catherine connolly,1,2018-06-14,0,0.0637638603752684,0.607041553875517,1.5636735791438503,0.5426235
katherine zappone,1,2018-06-14,1,0.314549518131642,0.42796931726484,2.638294724608535,0.36431757
stephen donnelly,0,2018-06-14,0,0.0540552445807593,0.633854096365397,1.1548407664804747,0.50456333
katherine zappone,1,2018-06-13,0,0.484377074230015,0.0880348300834913,2.8947480420271554,0.2851556
katherine zappone,1,2018-06-13,1,0.233255267866219,0.10217032699699,1.4692688658833504,0.35760698
katherine zappone,1,2018-05-30,0,0.27088355760309,0.0957127073612219,2.420718797077151,0.39915615
lorraine clifford-lee,0,2018-05-30,0,0.124481811951988,0.596387125959687,1.2196975434198976,0.5800784
katherine zappone,1,2018-05-30,1,0.308801205012056,0.406769161420812,2.574300142187698,0.4112764
joan burton,0,2018-05-22,0,0.426519366436306,0.423030422209583,1.8901084727711148,0.21237516
lynn ruane,1,2018-05-17,0,0.149828657354774,0.676765226467162,2.3073745171229043,0.60224867
anne rabbitte,0,2018-05-16,0,0.345910536428021,0.51202863519332,3.4136501020855374,0.38757306
anne rabbitte,0,2018-05-01,0,0.303139615758,0.167112346218353,2.9554829597473145,0.30749375
katherine zappone,1,2018-05-01,0,0.546906236026278,0.0812681242418173,3.352267285480219,0.30069223
anne rabbitte,0,2018-05-01,1,0.338617302950113,0.360402901704576,2.387267343699932,0.3829995
katherine zappone,1,2018-05-01,1,0.536890243466095,0.20452956904602,3.0370782722126353,0.3464092
katherine zappone,1,2018-05-01,2,0.389076218342345,0.108343639808292,2.3574017754622867,0.2881019
katherine zappone,1,2018-05-01,3,0.433581601481328,0.118319696005552,3.0510116342236016,0.2996627
maureen o'sullivan,1,2018-05-01,0,0.0242082793092275,0.9498472743293,1.5992250674510304,0.30601308
alice-mary higgins,1,2018-03-28,0,0.174563130337072,0.36793208106301,2.0605552074347817,0.28459334
lynn ruane,1,2018-03-27,0,0.134288985495045,0.272471113442644,2.9523827280849217,0.4105064
joan burton,0,2018-03-27,0,0.0810846219651028,0.839456653722265,2.517412506043911,0.27745348
sean canney,1,2018-03-20,0,0.311439718367187,0.410191167072997,2.9857843294739723,0.59300035
anne rabbitte,0,2018-03-07,0,0.294968217716593,0.26129325438951,2.7423561811447144,0.27611983
sean o fearghail,0,2018-03-07,0,0.407422722271432,0.173505634463885,2.7573670546213784,0.2978173
katherine zappone,1,2018-03-07,0,0.322671349120678,0.295324221102136,3.045046057250049,0.28706542
anne rabbitte,0,2018-03-07,1,0.408631246048486,0.493303673957549,3.795903325080872,0.5441003
sean o fearghail,0,2018-03-07,1,0.387271385121504,0.469385337143335,2.7297009910855974,0.27941296
sean o fearghail,0,2018-03-07,2,0.707186977603112,0.161766835343945,3.267963230609894,0.3244409
maureen o'sullivan,1,2018-03-07,0,0.285796778983946,0.511719711517986,1.8682077144169145,0.46387637
katherine zappone,1,2018-03-07,1,0.541137838640762,0.242829413766793,2.6664285083611805,0.42232984
maureen o'sullivan,1,2018-03-07,1,0.030128702939415,0.927026170577618,1.953243355825543,0.30071828
mattie mcgrath,1,2018-02-13,0,0.88878118854867,0.0110013619900006,2.1250087070465087,0.26731324
katherine zappone,1,2018-02-13,0,0.580034303900568,0.04987218234723,3.4050627317908524,0.23542856
anne rabbitte,0,2018-02-13,0,0.533683378912462,0.205323260933046,3.120350030064583,0.3942864
joan burton,0,2018-02-13,0,0.191046531084274,0.607271737317269,2.1082237841289366,0.5993769
catherine connolly,1,2018-02-13,0,0.22275046268049,0.551915565687488,1.4613219130100037,0.43836063
mattie mcgrath,1,2018-02-13,1,0.161716032094819,0.677577004573814,1.277500594284997,0.4532249
anne rabbitte,0,2018-02-13,1,0.296852109403357,0.367077044929393,2.8048813343048096,0.37986618
sean canney,1,2018-02-13,0,0.41352458573571,0.54646564926991,2.416149225358556,0.43926823
niamh smyth,0,2018-02-13,0,0.443843482289558,0.242506541390709,3.3527042965094247,0.3006545
maureen o'sullivan,1,2018-02-13,0,0.134928919277404,0.793110864428798,0.5552462100982666,0.49422315
stephen donnelly,0,2018-01-24,0,0.0656412199576203,0.147399723440707,1.5524475148098695,0.4476016
lisa chambers,0,2018-01-18,0,0.085391837438833,0.220573584459557,1.6436370077805642,0.518553
aodhan o riordain,0,2018-01-17,0,0.0370480366102898,0.267704512483724,1.9146605531374616,0.4876293
gerard p. craughwell,1,2018-01-17,0,0.223867447587099,0.521321942298308,2.090950984352579,0.629453
catherine connolly,1,2018-01-17,0,0.0488399987087127,0.439927924704313,1.4644298101193272,0.5912807
kathleen lynch,1,2013-12-10,0,0.0831423827460583,0.860848357418871,1.6710915655411522,0.50728405
kathleen lynch,1,2013-12-10,1,0.22132983766017,0.478510239804108,1.5346034239882078,0.45725977
niall collins,0,2013-12-10,0,0.0958114189824212,0.876819602908181,1.616400131645302,0.4645666
finian mcgrath,0,2013-02-27,0,0.09635059131304,0.863401556114174,2.0185239229711796,0.5243982
