quarter,in_government,parlasent_sentiment,survivor_similarity,speech_count
2010-10-01,0,1.9420868966947584,0.36300868,1
2010-10-01,1,2.103628273397746,0.35962525,2
2011-04-01,1,2.4960326552391052,0.36356983,1
2011-07-01,0,1.1865386532429847,0.434120085,2
2011-07-01,1,2.846759352394763,0.3910731,1
2011-10-01,0,1.9629247665405272,0.24707702,1
2011-10-01,1,1.9735365029705303,0.31528825250000003,4
2012-07-01,0,1.1323948085217577,0.5182668425,4
2013-01-01,0,1.781030783083819,0.47521629,4
2013-01-01,1,2.157346701263012,0.5021136833333334,3
2013-04-01,0,1.3837486627737394,0.28468995,3
2013-04-01,1,2.4591052035490675,0.28685125499999997,2
2013-07-01,0,1.8951687308861715,0.4126850125,4
2013-10-01,0,1.384506533031557,0.47000857,12
2013-10-01,1,1.93790797297439,0.44023605142857136,7
2014-01-01,0,1.724929470036711,0.28801212,1
2014-01-01,1,2.453945440099095,0.27316769,2
2014-04-01,0,1.7600456723255782,0.41744621833333334,60
2014-04-01,1,2.424788434829936,0.3813965166666667,42
2014-07-01,0,2.030122766552578,0.33129647319148936,47
2014-07-01,1,2.9253832580916415,0.31443883906250003,32
2014-10-01,0,2.02949978336048,0.3258444385185185,27
2014-10-01,1,2.7615663070662393,0.30326865000000003,17
2015-01-01,0,1.8083691779662647,0.40681425245283015,53
2015-01-01,1,2.629662346088737,0.3807682211904762,42
2015-04-01,0,1.5962852278632256,0.3234168,11
2015-04-01,1,2.512977524278481,0.25890887,8
2015-07-01,0,2.1225876059431537,0.286436415,4
2015-10-01,0,2.24035011920397,0.3639619217647059,17
2015-10-01,1,4.570888519287109,0.2554081,1
2016-01-01,0,1.8605099543340895,0.33611750500000004,2
2016-01-01,1,2.8470550928460923,0.47252247,1
2016-04-01,0,2.5441928095858892,0.3455796714285714,7
2016-04-01,1,2.9045163091566217,0.22980529,2
2016-07-01,0,2.1065591209464603,0.3926319,1
2016-07-01,1,2.8957881331443787,0.22418651,1
2016-10-01,0,1.1867756989474096,0.340742065,2
2016-10-01,1,2.0799052682563586,0.3372793971428571,7
2017-01-01,0,1.7088101949293084,0.42516712324999995,80
2017-01-01,1,2.28650932121366,0.4180341418918919,37
2017-04-01,0,1.7861410185502036,0.37224426171428576,35
2017-04-01,1,2.1596275310608934,0.3744465521875,32
2017-07-01,0,1.6688565146178007,0.26302678,2
2017-10-01,0,2.1180195527804027,0.28870869727272724,11
2017-10-01,1,2.5516641282298815,0.325607428,10
2018-01-01,0,2.1230185071752192,0.4165003194871794,39
2018-01-01,1,2.1751815510709,0.4376309696551724,29
2018-04-01,0,1.8744489152322013,0.4066723504347826,23
2018-04-01,1,2.4760263738737396,0.3708011366666667,21
2018-07-01,0,1.8929992480074966,0.33147572363636363,11
2018-07-01,1,2.4136369810689007,0.308725385,6
2018-10-01,0,2.3142893584348547,0.34700922933333334,15
2018-10-01,1,2.3799147450729885,0.37605514642857146,28
2019-01-01,0,1.6797052147951255,0.3698617624,25
2019-01-01,1,2.4322188834089364,0.31811001333333333,33
2019-04-01,0,1.9234205713146593,0.37078816545454546,22
2019-04-01,1,2.2806977508444857,0.3661497575,16
2019-07-01,0,1.7542926267835133,0.32319556666666666,3
2019-07-01,1,2.203081523313334,0.29686807,2
2019-10-01,0,1.9462115926393158,0.3368733342857143,7
2019-10-01,1,3.750724368973782,0.23317665,1
2020-04-01,1,2.6156629908416007,0.43772920666666665,3
2020-07-01,0,1.501358728117939,0.3233370428571428,7
2020-07-01,1,3.155259429360484,0.26418649,5
2020-10-01,0,1.756962024009028,0.35953970064615387,130
2020-10-01,1,2.612517515300341,0.3061045517594937,79
2021-01-01,0,1.7514439670793773,0.3948364191044776,134
2021-01-01,1,2.276154464687465,0.40949758927710844,83
2021-04-01,0,1.995569773213211,0.35317214564102567,78
2021-04-01,1,2.5958758508310704,0.3413734751515151,33
2021-07-01,0,1.6866683612207154,0.3302020475862069,29
2021-07-01,1,2.5265270472816783,0.3329875590909091,11
2021-10-01,0,1.5739063883103275,0.4530557327868852,61
2021-10-01,1,2.8340775158637284,0.3685253461764706,34
2022-01-01,0,1.9310536241032938,0.3694716933898305,59
2022-01-01,1,2.836830239104603,0.3307296247826087,23
2022-04-01,0,2.0252453119844653,0.3722387686,50
2022-04-01,1,2.6792699288617303,0.2700073948,25
2022-07-01,0,1.6444902797984986,0.33560877538461537,13
2022-07-01,1,2.6449967974869044,0.30050009,14
2022-10-01,0,1.617776790373678,0.4068211973913044,46
2022-10-01,1,2.6772408851270098,0.3395403673333333,15
2023-01-01,0,1.6341621881797548,0.3901953463076923,65
2023-01-01,1,2.5644130965249685,0.30469175,13
2023-04-01,0,1.8470988608128704,0.4119661007843137,51
2023-04-01,1,2.503535905046494,0.36832831625,24
2023-07-01,0,1.6546452915444338,0.41683295625,8
2023-07-01,1,2.797918344285997,0.31612064,5
2023-10-01,0,2.0815443457986422,0.3444925412,25
2023-10-01,1,2.818189793697076,0.30338825999999997,11
2024-01-01,0,1.829129033145104,0.430759898,15
2024-01-01,1,2.8732386403962358,0.33390625285714287,14
2024-04-01,0,1.438265511217245,0.44586580791666663,24
2024-04-01,1,2.821270297552858,0.27205566000000003,8
2024-07-01,0,1.258600452446336,0.44792982833333334,6
2024-07-01,1,1.8452854989015537,0.5389755,1
2024-10-01,0,1.9973582574545643,0.379941235,14
2024-10-01,1,2.8850667561461902,0.274730562,5
2025-01-01,0,3.0893660668311096,0.33161748999999996,2
2025-04-01,0,1.5673794387712967,0.3906046442105263,19
2025-04-01,1,2.5635503129669313,0.3699193984848485,33
2025-07-01,0,1.7491523354379352,0.423656712,10
2025-07-01,1,2.3192514068133203,0.3963125675,8
2025-10-01,0,1.1096791311658674,0.38042003,2
2025-10-01,1,2.1904585597857498,0.33636236,3
